Date/Time,FLR1_GROUP15_BUILDING5_FLOOR1_ROOM1_SIMPLIFIED:Zone Air Temperature [C](Hourly),FLR1_GROUP15_BUILDING5_FLOOR2_ROOM1_SIMPLIFIED:Zone Air Temperature [C](Hourly),FLR2_GROUP15_BUILDING5_FLOOR2_ROOM1_SIMPLIFIED:Zone Air Temperature [C](Hourly),FLR3_GROUP15_BUILDING5_FLOOR2_ROOM1_SIMPLIFIED:Zone Air Temperature [C](Hourly),PURCHASED AIR FLR1_GROUP15_BUILDING5_FLOOR1_ROOM1_SIMPLIFIED:Zone Ideal Loads Supply Air Total Heating Energy [J](Hourly),PURCHASED AIR FLR1_GROUP15_BUILDING5_FLOOR1_ROOM1_SIMPLIFIED:Zone Ideal Loads Supply Air Total Cooling Energy [J](Hourly),PURCHASED AIR FLR1_GROUP15_BUILDING5_FLOOR2_ROOM1_SIMPLIFIED:Zone Ideal Loads Supply Air Total Heating Energy [J](Hourly),PURCHASED AIR FLR1_GROUP15_BUILDING5_FLOOR2_ROOM1_SIMPLIFIED:Zone Ideal Loads Supply Air Total Cooling Energy [J](Hourly),PURCHASED AIR FLR2_GROUP15_BUILDING5_FLOOR2_ROOM1_SIMPLIFIED:Zone Ideal Loads Supply Air Total Heating Energy [J](Hourly),PURCHASED AIR FLR2_GROUP15_BUILDING5_FLOOR2_ROOM1_SIMPLIFIED:Zone Ideal Loads Supply Air Total Cooling Energy [J](Hourly),PURCHASED AIR FLR3_GROUP15_BUILDING5_FLOOR2_ROOM1_SIMPLIFIED:Zone Ideal Loads Supply Air Total Heating Energy [J](Hourly),PURCHASED AIR FLR3_GROUP15_BUILDING5_FLOOR2_ROOM1_SIMPLIFIED:Zone Ideal Loads Supply Air Total Cooling Energy [J](Hourly) 
 01/01  01:00:00,20.0,20.0,20.0,20.0,6983651.955744712,0.0,6727205.886121195,0.0,6754559.387312563,0.0,9852364.868711038,0.0 
 01/01  02:00:00,19.999999999999998,20.0,20.0,20.0,6582987.436794955,0.0,6330127.367258463,0.0,6363732.0192982549,0.0,9522334.98063242,0.0 
 01/01  03:00:00,20.0,20.0,20.0,19.999999999999998,6524513.771701332,0.0,6274173.3995224819,0.0,6311795.7065372,0.0,9512392.424875286,0.0 
 01/01  04:00:00,20.0,20.0,20.0,20.0,6451553.749067759,0.0,6203634.016595137,0.0,6245019.778872002,0.0,9485132.476508936,0.0 
 01/01  05:00:00,20.0,20.0,20.0,20.0,6397745.342046417,0.0,6152094.532675563,0.0,6196963.028153639,0.0,9471392.765080993,0.0 
 01/01  06:00:00,20.0,20.0,20.000000000000005,20.0,6398490.041938327,0.0,6154829.7501342589,0.0,6202699.180354549,0.0,9502707.50035989,0.0 
 01/01  07:00:00,20.0,20.0,20.0,20.0,6434655.449408239,0.0,6192792.138507649,0.0,6243386.717911277,0.0,9561600.0256374,0.0 
 01/01  08:00:00,20.0,20.0,20.0,20.0,6441825.850700863,0.0,6201991.622045192,0.0,6255869.423290944,0.0,9593240.92151368,0.0 
 01/01  09:00:00,20.0,20.0,20.0,20.0,6296275.903875737,0.0,6022233.192290755,0.0,6001859.504887697,0.0,9355274.694433079,0.0 
 01/01  10:00:00,19.999999999999998,20.0,20.0,20.0,6085726.292887251,0.0,5750501.626521825,0.0,5601979.504193173,0.0,8929457.944330613,0.0 
 01/01  11:00:00,20.0,20.0,20.0,20.0,5696383.7582484469,0.0,5307361.736795601,0.0,5051883.878040648,0.0,8333368.289574155,0.0 
 01/01  12:00:00,19.999999999999998,20.0,20.0,20.0,5104016.082239773,0.0,4679455.606104887,0.0,4358678.40517022,0.0,7600114.366739124,0.0 
 01/01  13:00:00,20.0,20.0,20.0,20.0,4377244.241290149,0.0,3936725.1472145628,0.0,3587096.253621629,0.0,6799986.923174284,0.0 
 01/01  14:00:00,20.0,20.0,20.0,20.0,3918491.428726714,0.0,3480220.544835984,0.0,3130051.398285117,0.0,6312521.906443415,0.0 
 01/01  15:00:00,20.0,20.0,20.0,20.000000000000005,3921527.9052222918,0.0,3510699.5137883045,0.0,3209776.531862693,0.0,6351056.453281792,0.0 
 01/01  16:00:00,20.0,20.0,20.0,20.0,4229774.998167485,0.0,3864599.9342300875,0.0,3655178.369937025,0.0,6760530.366285779,0.0 
 01/01  17:00:00,20.0,20.0,20.0,20.0,4795578.635915583,0.0,4492495.205558261,0.0,4414937.158047765,0.0,7496906.34986172,0.0 
 01/01  18:00:00,20.0,20.0,20.0,20.0,5372622.261772242,0.0,5090366.402162337,0.0,5059212.559988339,0.0,8132788.056709045,0.0 
 01/01  19:00:00,20.0,20.0,19.999999999999998,20.0,6111779.297203907,0.0,5836355.344077906,0.0,5821570.304780319,0.0,8862231.453214637,0.0 
 01/01  20:00:00,20.0,20.0,20.0,20.0,6701103.307857134,0.0,6429823.8430328839,0.0,6425328.412925897,0.0,9436382.982947411,0.0 
 01/01  21:00:00,20.0,20.0,20.0,20.0,7041128.0378253119,0.0,6773207.74696846,0.0,6776768.121954574,0.0,9774741.216312387,0.0 
 01/01  22:00:00,20.0,20.0,20.0,20.0,7246837.405288598,0.0,6981867.60146326,0.0,6992082.528191807,0.0,9992535.032604598,0.0 
 01/01  23:00:00,20.0,20.0,20.0,20.000000000000005,7392477.612137966,0.0,7130222.159113391,0.0,7146129.518615396,0.0,10160393.766198585,0.0 
 01/01  24:00:00,19.999999999999998,20.0,20.0,20.0,7470145.430130231,0.0,7210430.63011128,0.0,7231262.759016579,0.0,10269852.080532156,0.0 
 01/02  01:00:00,20.0,20.0,20.0,20.0,7466032.2996587,0.0,7208968.035469986,0.0,7234622.516091091,0.0,10308666.14504251,0.0 
 01/02  02:00:00,20.0,20.0,20.0,20.0,7548222.742513968,0.0,7293427.435883138,0.0,7322870.072950103,0.0,10432321.769016322,0.0 
 01/02  03:00:00,20.0,20.0,20.0,20.0,7723327.696893994,0.0,7470540.19884152,0.0,7503104.049727194,0.0,10646340.017645348,0.0 
 01/02  04:00:00,20.0,20.0,20.0,20.000000000000005,7952367.02611436,0.0,7701491.203001633,0.0,7736880.35936931,0.0,10913948.712165634,0.0 
 01/02  05:00:00,20.0,20.0,20.0,20.0,8134197.874699253,0.0,7885099.325359732,0.0,7922985.208941948,0.0,11135927.44522095,0.0 
 01/02  06:00:00,20.000000000000005,20.0,20.0,20.0,8230204.6377312629,0.0,7982927.370040023,0.0,8023325.061340978,0.0,11275495.698309463,0.0 
 01/02  07:00:00,20.0,20.0,20.0,20.0,8262002.138794857,0.0,8016946.168767324,0.0,8060633.880486179,0.0,11358551.240338296,0.0 
 01/02  08:00:00,20.0,20.0,20.0,20.0,8215274.991257692,0.0,7972636.577445585,0.0,8019962.495632,0.0,11368286.614214659,0.0 
 01/02  09:00:00,20.0,20.0,20.0,20.0,7896060.980133491,0.0,7618487.016888551,0.0,7589576.134199344,0.0,10993458.386134228,0.0 
 01/02  10:00:00,20.0,20.0,20.0,20.0,7403099.823215932,0.0,7065543.46511865,0.0,6910450.087233233,0.0,10335901.233177653,0.0 
 01/02  11:00:00,20.0,20.0,20.0,20.0,6741285.519174449,0.0,6350720.310151442,0.0,6089808.722967569,0.0,9515713.49929517,0.0 
 01/02  12:00:00,20.0,20.0,20.0,20.0,5942640.778607493,0.0,5516632.4903095629,0.0,5190367.638480157,0.0,8613103.55766201,0.0 
 01/02  13:00:00,20.0,20.0,20.0,20.0,5019016.343938596,0.0,4577491.088646592,0.0,4222874.286552637,0.0,7650413.312234696,0.0 
 01/02  14:00:00,20.0,20.0,20.0,20.0,4400113.463762182,0.0,3961127.4924950699,0.0,3605933.289715294,0.0,7025622.882329735,0.0 
 01/02  15:00:00,20.0,20.0,20.0,20.0,4275718.032931976,0.0,3864092.9600110307,0.0,3557191.857058294,0.0,6952300.893557693,0.0 
 01/02  16:00:00,20.0,20.0,20.0,20.0,4488624.437892599,0.0,4124744.975418469,0.0,3912807.520582785,0.0,7283823.214994438,0.0 
 01/02  17:00:00,20.0,19.999999999999998,20.0,20.0,5017183.511140141,0.0,4714553.46623761,0.0,4632319.680333469,0.0,7981221.565116728,0.0 
 01/02  18:00:00,20.0,20.0,20.0,20.0,5598933.358604172,0.0,5318813.002795255,0.0,5286302.338033006,0.0,8625785.279736285,0.0 
 01/02  19:00:00,20.0,20.0,20.0,20.0,6380862.101447194,0.0,6107894.395597271,0.0,6092316.556539886,0.0,9394949.854933417,0.0 
 01/02  20:00:00,20.0,20.0,20.0,20.0,6865539.841591459,0.0,6596975.238909794,0.0,6592139.967254774,0.0,9864915.556641933,0.0 
 01/02  21:00:00,20.0,20.0,20.0,20.0,6865173.829505395,0.0,6600917.020617479,0.0,6606001.803593469,0.0,9877923.643296805,0.0 
 01/02  22:00:00,20.0,19.999999999999998,20.0,20.0,6595498.698560435,0.0,6335361.90099176,0.0,6349366.208958688,0.0,9639331.773409997,0.0 
 01/02  23:00:00,20.0,20.0,20.0,20.0,6185027.919123338,0.0,5928811.183026375,0.0,5950762.132183701,0.0,9272545.7126678,0.0 
 01/02  24:00:00,20.0,20.0,20.0,20.0,5652050.217141913,0.0,5399393.265441231,0.0,5428034.472514189,0.0,8790838.200825517,0.0 
 01/03  01:00:00,20.0,20.0,20.0,20.0,4971359.990607043,0.0,4721849.577124105,0.0,4755860.032764406,0.0,8164572.9989616819,0.0 
 01/03  02:00:00,20.0,20.0,20.0,20.0,4648287.666780055,0.0,4401299.277801799,0.0,4439568.765005937,0.0,7871385.6666819569,0.0 
 01/03  03:00:00,20.0,20.0,20.0,20.0,4794769.210850129,0.0,4549904.39878303,0.0,4592131.491842827,0.0,8018181.076450139,0.0 
 01/03  04:00:00,20.0,20.0,20.0,20.0,5231739.469884495,0.0,4988635.010225636,0.0,5034496.9942728229,0.0,8433575.54453327,0.0 
 01/03  05:00:00,20.0,20.0,20.0,20.0,5544769.239153415,0.0,5303029.566412154,0.0,5351771.326285225,0.0,8722921.806233125,0.0 
 01/03  06:00:00,20.0,20.0,20.0,20.0,5602707.21398963,0.0,5362407.533728839,0.0,5414087.410288262,0.0,8767358.841730634,0.0 
 01/03  07:00:00,20.0,20.0,20.0,20.0,5547400.580084394,0.0,5308955.927435844,0.0,5364354.402589107,0.0,8706577.823013071,0.0 
 01/03  08:00:00,20.000000000000005,20.0,20.0,20.0,5599904.560825099,0.0,5363007.824384411,0.0,5421538.697286108,0.0,8749772.58945918,0.0 
 01/03  09:00:00,20.0,20.0,20.0,19.999999999999998,5682626.9696649969,0.0,5414241.230603814,0.0,5404673.3723924499,0.0,8710567.297061725,0.0 
 01/03  10:00:00,20.000000000000005,20.0,20.0,20.0,5762931.747183533,0.0,5441282.535953847,0.0,5319454.078130929,0.0,8572652.908338204,0.0 
 01/03  11:00:00,20.0,20.0,20.0,20.0,5523037.447801558,0.0,5147530.948129743,0.0,4917658.69044285,0.0,8107117.700181672,0.0 
 01/03  12:00:00,20.0,20.0,20.0,20.0,4948309.786744242,0.0,4539830.180359162,0.0,4247978.405898957,0.0,7387443.334647689,0.0 
 01/03  13:00:00,20.0,20.0,20.0,20.0,4170371.6398019629,0.0,3747505.392084371,0.0,3429025.56592966,0.0,6537766.5994402379,0.0 
 01/03  14:00:00,20.0,20.0,20.0,20.0,3693107.0866276568,0.0,3272022.0041681646,0.0,2952727.8050180815,0.0,6028851.512098372,0.0 
 01/03  15:00:00,20.0,20.0,20.0,20.0,3722648.311560171,0.0,3325936.6010057537,0.0,3051548.5167319,0.0,6084656.79752394,0.0 
 01/03  16:00:00,20.0,20.0,20.0,19.999999999999998,4096839.9311060069,0.0,3750469.1017796748,0.0,3578434.476318781,0.0,6574451.6640367819,0.0 
 01/03  17:00:00,20.0,20.0,20.0,19.999999999999998,4534390.521310987,0.0,4238685.289363731,0.0,4176123.6329828884,0.0,7156437.728663886,0.0 
 01/03  18:00:00,20.0,20.0,20.0,20.0,4802206.516842045,0.0,4526396.4690434909,0.0,4508346.115218695,0.0,7494239.9571932679,0.0 
 01/03  19:00:00,20.0,20.0,20.0,20.0,5064828.494318019,0.0,4795985.310133897,0.0,4794292.718893577,0.0,7774052.344970374,0.0 
 01/03  20:00:00,20.0,20.0,20.0,20.0,5274683.902249851,0.0,5010285.454402096,0.0,5019283.321781563,0.0,7989231.171792325,0.0 
 01/03  21:00:00,20.0,20.0,20.0,20.0,5402711.531444896,0.0,5141775.523453804,0.0,5158961.040323284,0.0,8122843.655309573,0.0 
 01/03  22:00:00,20.0,20.0,20.0,20.0,5497127.29656863,0.0,5238982.726235082,0.0,5262571.034882191,0.0,8223111.755705118,0.0 
 01/03  23:00:00,20.0,20.0,20.0,20.0,5645351.175600846,0.0,5389505.191777424,0.0,5418200.899858778,0.0,8375595.134733435,0.0 
 01/03  24:00:00,20.0,20.0,20.0,19.999999999999998,5880410.344186864,0.0,5626535.824026669,0.0,5659486.015029566,0.0,8612442.181191378,0.0 
 01/04  01:00:00,20.0,20.0,20.0,20.0,6158865.295435842,0.0,5906619.0712319449,0.0,5942944.093246281,0.0,8892670.346142039,0.0 
 01/04  02:00:00,20.0,19.999999999999998,20.0,20.0,6417260.889179644,0.0,6166605.913151887,0.0,6206042.309579845,0.0,9160006.237960389,0.0 
 01/04  03:00:00,20.0,20.0,20.0,20.0,6694250.428553447,0.0,6445080.023194337,0.0,6487271.497668354,0.0,9447158.288938357,0.0 
 01/04  04:00:00,20.0,20.0,20.0,20.0,7005208.465887014,0.0,6757132.935282275,0.0,6801157.153340906,0.0,9767685.147202779,0.0 
 01/04  05:00:00,20.0,20.0,20.0,20.0,7234277.807031387,0.0,6987547.978010865,0.0,7033768.531905217,0.0,10018221.65608878,0.0 
 01/04  06:00:00,20.0,20.0,20.0,20.0,7397832.615907057,0.0,7152559.26601807,0.0,7201029.157520576,0.0,10209451.531129202,0.0 
 01/04  07:00:00,20.0,20.0,20.0,20.0,7514641.264294485,0.0,7270759.212004714,0.0,7321237.062663693,0.0,10359174.479979998,0.0 
 01/04  08:00:00,20.0,20.0,20.0,20.0,7546345.982141699,0.0,7304295.484197529,0.0,7357551.736918548,0.0,10434750.446534584,0.0 
 01/04  09:00:00,20.0,20.0,20.0,20.0,7326945.450078084,0.0,7054335.572585254,0.0,7040242.633902943,0.0,10167483.03002912,0.0 
 01/04  10:00:00,20.0,20.0,20.0,20.0,6954208.798579952,0.0,6629115.191033668,0.0,6503157.022448802,0.0,9653340.841805727,0.0 
 01/04  11:00:00,20.0,20.0,20.0,20.0,6373210.71413644,0.0,5994754.4090346409,0.0,5760711.39172125,0.0,8912452.107231873,0.0 
 01/04  12:00:00,20.0,20.0,20.0,20.0,5624066.125847704,0.0,5212848.062233768,0.0,4916469.466041446,0.0,8069031.392419378,0.0 
 01/04  13:00:00,20.0,20.0,20.0,20.0,4736657.28176268,0.0,4310836.806560496,0.0,3986746.009094422,0.0,7149061.17153991,0.0 
 01/04  14:00:00,20.0,20.0,20.0,20.0,4102660.93270314,0.0,3678820.189367585,0.0,3353389.776686933,0.0,6516975.963853616,0.0 
 01/04  15:00:00,20.000000000000005,20.0,20.0,20.0,3884763.144501223,0.0,3485850.6265379937,0.0,3205264.8421810029,0.0,6356541.587270606,0.0 
 01/04  16:00:00,20.0,20.0,20.0,20.0,3951996.7824167686,0.0,3604486.071710863,0.0,3427223.02843794,0.0,6570062.587805349,0.0 
 01/04  17:00:00,20.0,20.0,20.0,20.0,4331177.795249975,0.0,4035938.333080517,0.0,3971006.013663749,0.0,7110005.054865681,0.0 
 01/04  18:00:00,20.0,20.0,20.0,20.0,4898580.977844372,0.0,4623381.0231079659,0.0,4603398.451391968,0.0,7736422.605076835,0.0 
 01/04  19:00:00,20.0,20.0,20.0,20.0,5709555.971526347,0.0,5440731.616859376,0.0,5436336.234087975,0.0,8533330.924780406,0.0 
 01/04  20:00:00,20.0,20.0,20.0,20.0,6268711.326679915,0.0,6003711.65051712,0.0,6009075.342686886,0.0,9073199.45565312,0.0 
 01/04  21:00:00,20.0,20.0,20.0,20.0,6420472.0407451339,0.0,6158759.04128782,0.0,6172089.338837312,0.0,9225243.12457776,0.0 
 01/04  22:00:00,20.0,20.0,20.000000000000005,20.0,6345840.321908786,0.0,6087342.097633176,0.0,6107948.777719904,0.0,9166217.01871367,0.0 
 01/04  23:00:00,20.0,20.0,20.0,20.0,6180169.258115476,0.0,5924731.078822453,0.0,5951794.089523621,0.0,9027756.857631583,0.0 
 01/04  24:00:00,20.0,20.0,20.0,20.0,5962956.571533572,0.0,5710298.770828434,0.0,5742831.199524524,0.0,8844046.388056914,0.0 
 01/05  01:00:00,20.0,20.0,20.0,20.0,5653305.041648482,0.0,5403349.6712359809,0.0,5440842.788349468,0.0,8575039.50571767,0.0 
 01/05  02:00:00,20.0,20.0,20.0,20.0,5579022.280987056,0.0,5331374.114521015,0.0,5372997.953142017,0.0,8530108.549428504,0.0 
 01/05  03:00:00,20.0,20.0,20.0,20.0,5839431.561171914,0.0,5593478.316688068,0.0,5638177.333568001,0.0,8798204.30454463,0.0 
 01/05  04:00:00,20.0,20.0,20.0,20.0,6302889.559527186,0.0,6058147.583321352,0.0,6105075.742097254,0.0,9256522.712223383,0.0 
 01/05  05:00:00,20.0,20.0,20.0,20.0,6760866.466731623,0.0,6517005.308965055,0.0,6565496.325706429,0.0,9705783.039897083,0.0 
 01/05  06:00:00,20.0,20.0,20.0,19.999999999999998,7147487.317197247,0.0,6904488.050640719,0.0,6954448.108872924,0.0,10088052.014828707,0.0 
 01/05  07:00:00,20.0,20.0,20.0,20.0,7526395.537820822,0.0,7284285.787470478,0.0,7335701.685107373,0.0,10467601.164721696,0.0 
 01/05  08:00:00,20.0,20.0,20.0,20.0,7751109.241655558,0.0,7510133.583628742,0.0,7563377.428964073,0.0,10706454.812563589,0.0 
 01/05  09:00:00,20.0,20.0,20.0,20.0,7655597.064715253,0.0,7390892.33268591,0.0,7391438.697064827,0.0,10561382.860381924,0.0 
 01/05  10:00:00,20.0,20.0,20.0,20.0,7346145.001269822,0.0,7041839.883363474,0.0,6955686.339134145,0.0,10142350.374427708,0.0 
 01/05  11:00:00,20.0,20.0,20.0,20.0,6824645.4055603579,0.0,6481789.0463539329,0.0,6314274.832591821,0.0,9511482.845528417,0.0 
 01/05  12:00:00,19.999999999999998,20.0,20.0,20.0,6107688.490694398,0.0,5728146.586161011,0.0,5489199.401184521,0.0,8695192.040473083,0.0 
 01/05  13:00:00,20.0,20.0,20.0,20.0,5268062.306974163,0.0,4875855.281725712,0.0,4611896.8158837449,0.0,7832546.571238578,0.0 
 01/05  14:00:00,20.0,20.0,20.0,20.0,4638140.3500100229,0.0,4252053.575301239,0.0,3995403.569671263,0.0,7226797.367330935,0.0 
 01/05  15:00:00,20.0,20.0,20.0,20.0,4387344.706250853,0.0,4030078.477139011,0.0,3827466.9710443688,0.0,7061854.317159604,0.0 
 01/05  16:00:00,20.0,20.0,20.0,20.0,4298039.797819042,0.0,3975197.9833248548,0.0,3844221.899200302,0.0,7086928.933732013,0.0 
 01/05  17:00:00,20.0,20.0,20.0,20.0,4502342.601633095,0.0,4223457.493204629,0.0,4188130.798241407,0.0,7433992.978703051,0.0 
 01/05  18:00:00,20.0,20.0,20.000000000000005,20.0,4867006.596338131,0.0,4604546.012094859,0.0,4606383.559654091,0.0,7851538.536622395,0.0 
 01/05  19:00:00,20.0,20.0,20.0,20.0,5413654.263651748,0.0,5156656.276010208,0.0,5171817.512812733,0.0,8391492.30754256,0.0 
 01/05  20:00:00,20.0,20.0,20.0,20.0,5900994.920026163,0.0,5647327.409378238,0.0,5671042.634171448,0.0,8858946.595555082,0.0 
 01/05  21:00:00,20.0,20.0,20.0,20.0,6242022.0912871309,0.0,5990860.964655221,0.0,6020996.8377616689,0.0,9183305.668043312,0.0 
 01/05  22:00:00,20.0,20.0,20.0,20.0,6543135.334316463,0.0,6293990.988601777,0.0,6329166.551674079,0.0,9471796.952322076,0.0 
 01/05  23:00:00,19.999999999999998,19.999999999999998,20.0,20.0,6842647.9772311,0.0,6595107.758298574,0.0,6634139.945830157,0.0,9762585.09376289,0.0 
 01/05  24:00:00,20.0,20.0,20.0,20.000000000000005,7112876.544824488,0.0,6866753.255016492,0.0,6908934.285196001,0.0,10032141.163269123,0.0 
 01/06  01:00:00,20.0,20.0,20.0,20.000000000000005,7347192.96077453,0.0,7102553.581697095,0.0,7147740.5069871549,0.0,10276862.63805823,0.0 
 01/06  02:00:00,20.0,20.0,20.0,20.0,7548181.326856567,0.0,7305090.483214719,0.0,7353168.389610731,0.0,10496886.717686292,0.0 
 01/06  03:00:00,20.0,20.0,20.0,20.0,7718879.363092628,0.0,7477296.1140394839,0.0,7527963.321376629,0.0,10693083.730088406,0.0 
 01/06  04:00:00,20.0,20.0,20.0,20.0,7858098.172637641,0.0,7617960.543396978,0.0,7670906.378049629,0.0,10862573.798424999,0.0 
 01/06  05:00:00,20.0,20.0,20.0,20.0,8011327.3395115,0.0,7772687.140862767,0.0,7827879.422185153,0.0,11050338.726966052,0.0 
 01/06  06:00:00,20.0,20.0,20.0,20.0,8210604.523757196,0.0,7973278.181491623,0.0,8030212.3828501789,0.0,11282516.40117562,0.0 
 01/06  07:00:00,20.0,20.0,20.0,20.0,8413719.129434383,0.0,8177577.3338624699,0.0,8235903.286000929,0.0,11519868.868184859,0.0 
 01/06  08:00:00,20.0,20.0,20.0,20.0,8416436.453706257,0.0,8182109.679953031,0.0,8243087.333742622,0.0,11571536.825250136,0.0 
 01/06  09:00:00,20.0,20.0,20.0,20.0,8108363.758479243,0.0,7860140.390470508,0.0,7888463.677629972,0.0,11276655.051928783,0.0 
 01/06  10:00:00,20.0,20.0,20.0,20.0,7568591.055899416,0.0,7291526.296635907,0.0,7254481.082506757,0.0,10695199.557576675,0.0 
 01/06  11:00:00,20.0,20.0,20.0,20.0,6973405.448766389,0.0,6668755.840134548,0.0,6570641.926310739,0.0,10045532.740968032,0.0 
 01/06  12:00:00,20.0,20.0,20.0,20.0,6393178.542241928,0.0,6069029.529401598,0.0,5928876.3529469999,0.0,9425935.543448806,0.0 
 01/06  13:00:00,20.0,20.0,20.0,20.0,5784769.396301569,0.0,5452020.909232432,0.0,5292850.692325626,0.0,8809313.48911317,0.0 
 01/06  14:00:00,20.0,20.0,20.0,20.0,5367974.569865149,0.0,5038532.223347223,0.0,4883826.982512519,0.0,8407208.421019253,0.0 
 01/06  15:00:00,20.0,20.0,20.0,20.0,5182921.577345998,0.0,4869616.056393652,0.0,4747222.78858177,0.0,8267454.065616135,0.0 
 01/06  16:00:00,20.0,20.0,20.000000000000005,20.0,5154435.264697602,0.0,4869767.928250563,0.0,4808892.920057011,0.0,8326392.836164533,0.0 
 01/06  17:00:00,20.0,20.0,20.0,20.0,5273338.099568559,0.0,5019228.455799462,0.0,5026377.91651615,0.0,8543120.621812439,0.0 
 01/06  18:00:00,20.0,20.0,20.0,20.0,5404459.657838708,0.0,5162070.226417782,0.0,5196111.122462005,0.0,8715351.345814385,0.0 
 01/06  19:00:00,20.0,20.000000000000005,20.0,20.0,5623586.104120709,0.0,5385495.947755393,0.0,5429963.619509492,0.0,8934214.518331588,0.0 
 01/06  20:00:00,20.0,20.0,20.0,20.0,5764781.074408003,0.0,5529314.144176848,0.0,5580388.497795132,0.0,9065240.267618172,0.0 
 01/06  21:00:00,20.0,20.0,20.0,20.000000000000005,5747636.380706003,0.0,5514655.847848951,0.0,5571747.929347751,0.0,9044277.233067295,0.0 
 01/06  22:00:00,20.0,19.999999999999998,20.0,20.0,5643323.258556203,0.0,5412432.449651384,0.0,5474390.946400711,0.0,8938961.59858612,0.0 
 01/06  23:00:00,20.0,20.0,20.0,20.0,5637852.733675454,0.0,5408707.332900014,0.0,5474681.218875784,0.0,8928202.2275325,0.0 
 01/06  24:00:00,20.0,20.0,20.0,20.0,5807788.227727744,0.0,5579966.894853569,0.0,5649099.9862806969,0.0,9082865.713037849,0.0 
 01/07  01:00:00,20.0,20.0,20.0,20.0,6055978.936339672,0.0,5829205.471940443,0.0,5900879.382482521,0.0,9312395.020431618,0.0 
 01/07  02:00:00,20.0,20.0,20.0,20.0,6234815.228390414,0.0,6009077.322663467,0.0,6083146.527465593,0.0,9477547.286632788,0.0 
 01/07  03:00:00,20.0,20.0,20.0,20.0,6330286.362346448,0.0,6105661.930441391,0.0,6182160.43051217,0.0,9566200.398572207,0.0 
 01/07  04:00:00,20.000000000000005,20.0,20.0,20.0,6388263.414771553,0.0,6164723.834875766,0.0,6243486.182119647,0.0,9621425.863363278,0.0 
 01/07  05:00:00,20.0,20.0,20.0,20.0,6398625.634061905,0.0,6176379.176084134,0.0,6257737.156840143,0.0,9636343.84469142,0.0 
 01/07  06:00:00,20.0,20.0,20.0,20.0,6396576.4255166179,0.0,6175514.041525532,0.0,6259118.033943054,0.0,9641676.247002628,0.0 
 01/07  07:00:00,20.0,19.999999999999998,20.0,20.0,6368877.629817204,0.0,6149030.578775446,0.0,6234877.155289522,0.0,9623971.083490503,0.0 
 01/07  08:00:00,19.999999999999998,20.0,20.0,20.0,6371913.910045363,0.0,6153098.814177476,0.0,6240754.768962203,0.0,9635306.072350234,0.0 
 01/07  09:00:00,20.0,19.999999999999998,20.0,20.0,6360264.37228117,0.0,6132652.194986805,0.0,6199695.151314846,0.0,9598092.166523949,0.0 
 01/07  10:00:00,20.0,20.0,20.0,20.0,6305592.572467541,0.0,6058419.285501307,0.0,6080543.420865491,0.0,9473915.127080678,0.0 
 01/07  11:00:00,20.0,20.0,19.999999999999998,20.0,6132350.06026944,0.0,5863821.8827061,0.0,5838229.449422859,0.0,9217230.900283682,0.0 
 01/07  12:00:00,20.0,20.0,20.0,20.0,5827883.058988685,0.0,5543986.515340651,0.0,5484746.057291905,0.0,8850859.272735324,0.0 
 01/07  13:00:00,20.0,20.0,20.0,20.0,5450655.3357775029,0.0,5159740.103309972,0.0,5084940.291169169,0.0,8441678.351256099,0.0 
 01/07  14:00:00,20.0,20.0,20.0,20.0,5191350.942771476,0.0,4903165.504294034,0.0,4833050.747811064,0.0,8179351.931035878,0.0 
 01/07  15:00:00,20.0,20.0,20.0,20.0,5081615.514095634,0.0,4805837.046932279,0.0,4761769.783897409,0.0,8098859.3918081489,0.0 
 01/07  16:00:00,20.0,20.0,20.0,20.0,5075203.118307054,0.0,4819923.611854844,0.0,4821341.075458579,0.0,8152293.056080122,0.0 
 01/07  17:00:00,20.0,20.0,20.0,20.0,5177562.544266766,0.0,4941935.314478399,0.0,4988434.91413341,0.0,8317400.061608998,0.0 
 01/07  18:00:00,20.0,20.0,20.0,20.0,5323805.509231429,0.0,5095806.798729676,0.0,5160360.672935223,0.0,8486751.677545833,0.0 
 01/07  19:00:00,20.0,19.999999999999998,20.0,20.000000000000005,5546165.807060005,0.0,5320877.01156143,0.0,5392352.522419739,0.0,8704981.83844403,0.0 
 01/07  20:00:00,20.0,19.999999999999998,20.0,20.000000000000005,5474393.677102113,0.0,5251028.251899729,0.0,5327315.631126193,0.0,8634347.793355633,0.0 
 01/07  21:00:00,20.0,20.0,20.0,20.0,4979256.822975597,0.0,4757848.216156338,0.0,4838372.5589594659,0.0,8161956.317441447,0.0 
 01/07  22:00:00,20.0,20.0,20.0,20.0,4217811.821722159,0.0,3997966.430452143,0.0,4081212.403761705,0.0,7434040.694310932,0.0 
 01/07  23:00:00,20.0,20.0,20.0,20.0,3765505.3270733698,0.0,3546834.9019692528,0.0,3632115.1886356875,0.0,6994487.603450871,0.0 
 01/07  24:00:00,20.0,20.0,20.0,20.0,3716011.8042979536,0.0,3498146.882235873,0.0,3585164.0434440316,0.0,6932945.291837053,0.0 
 01/08  01:00:00,19.999999999999998,20.0,20.0,20.0,3852239.5106014066,0.0,3635347.8984560135,0.0,3724784.117474024,0.0,7047250.161619239,0.0 
 01/08  02:00:00,20.000000000000005,20.0,20.0,20.0,3977611.900871164,0.0,3761420.906738966,0.0,3852818.8110469349,0.0,7144148.737349987,0.0 
 01/08  03:00:00,20.0,20.0,20.0,20.0,4027570.3125590619,0.0,3812044.5989801448,0.0,3905353.8515732188,0.0,7166403.821866358,0.0 
 01/08  04:00:00,20.0,20.0,20.0,20.000000000000005,4102348.6159796549,0.0,3887396.650146279,0.0,3982559.9128643015,0.0,7209754.052672378,0.0 
 01/08  05:00:00,20.0,20.0,20.0,20.0,4218775.208152248,0.0,4004219.123198998,0.0,4100977.0752705226,0.0,7290803.151136606,0.0 
 01/08  06:00:00,20.000000000000005,20.0,20.0,20.0,4351677.099689728,0.0,4137429.743347112,0.0,4235633.472389265,0.0,7388060.101968728,0.0 
 01/08  07:00:00,20.0,20.0,20.0,20.0,4492168.0434332429,0.0,4278227.54744739,0.0,4377842.822051423,0.0,7495682.533188593,0.0 
 01/08  08:00:00,20.0,20.0,20.0,20.0,4584500.226745858,0.0,4370894.85278277,0.0,4471767.415721779,0.0,7562964.106938994,0.0 
 01/08  09:00:00,20.0,20.0,20.0,20.0,4479587.346172841,0.0,4227315.530771931,0.0,4245807.202633252,0.0,7311146.094896946,0.0 
 01/08  10:00:00,20.0,20.0,20.0,20.0,4264806.225671402,0.0,3949384.2601917397,0.0,3836490.356439176,0.0,6842828.204233792,0.0 
 01/08  11:00:00,20.0,20.0,20.0,20.0,3998361.749052848,0.0,3625179.564739272,0.0,3398496.811854711,0.0,6325114.787072762,0.0 
 01/08  12:00:00,20.0,20.0,20.0,20.0,3682991.4991252098,0.0,3257736.586210679,0.0,2937051.4136840857,0.0,5781132.263466543,0.0 
 01/08  13:00:00,20.0,20.0,20.000000000000005,20.0,3392689.376646887,0.0,2943495.705306347,0.0,2581787.9966670426,0.0,5345747.122397246,0.0 
 01/08  14:00:00,20.0,20.0,20.000000000000005,19.999999999999998,3275444.632473089,0.0,2833490.6481169185,0.0,2480317.9064291745,0.0,5174767.753235034,0.0 
 01/08  15:00:00,20.0,20.0,19.999999999999998,20.0,3422876.615871359,0.0,3012390.4223901859,0.0,2715290.536725371,0.0,5352679.371796778,0.0 
 01/08  16:00:00,20.0,20.0,20.0,20.0,3727209.590498277,0.0,3363478.7499146119,0.0,3159546.4862010709,0.0,5762194.857454936,0.0 
 01/08  17:00:00,20.0,20.0,20.000000000000005,20.0,4151994.7298877795,0.0,3851588.7079020098,0.0,3782311.2907602165,0.0,6373228.440915472,0.0 
 01/08  18:00:00,20.0,20.0,20.0,20.0,4406314.011181394,0.0,4130793.7412335516,0.0,4116662.81014016,0.0,6727610.549194345,0.0 
 01/08  19:00:00,20.0,20.0,20.000000000000005,20.0,4614859.221364289,0.0,4347277.38609669,0.0,4351628.699153551,0.0,6973520.822800575,0.0 
 01/08  20:00:00,20.0,20.0,20.0,20.0,4876066.19906896,0.0,4613369.43217634,0.0,4629536.818714023,0.0,7252926.501430701,0.0 
 01/08  21:00:00,20.0,20.0,20.0,20.0,5217415.858705977,0.0,4957947.84867157,0.0,4982139.873930631,0.0,7601263.221877459,0.0 
 01/08  22:00:00,20.0,20.0,20.0,20.0,5598694.560170203,0.0,5341600.132718164,0.0,5371639.96259696,0.0,7988010.184949892,0.0 
 01/08  23:00:00,20.0,20.000000000000005,20.0,20.0,5909100.759507795,0.0,5654031.400011644,0.0,5688767.310859446,0.0,8310589.280056073,0.0 
 01/08  24:00:00,20.0,20.0,20.0,20.0,6160192.552672466,0.0,5906851.694875815,0.0,5945318.50473695,0.0,8579100.097096334,0.0 
 01/09  01:00:00,20.0,20.0,20.0,20.0,6394758.325962151,0.0,6142874.570204208,0.0,6184228.9820825769,0.0,8834763.247171818,0.0 
 01/09  02:00:00,20.0,20.0,20.0,20.0,6620846.07037967,0.0,6370413.821444057,0.0,6414404.692392385,0.0,9088656.326225222,0.0 
 01/09  03:00:00,20.0,20.0,20.0,20.0,6891192.955637522,0.0,6641978.481984757,0.0,6687950.748210011,0.0,9386150.725063252,0.0 
 01/09  04:00:00,20.0,20.0,20.0,20.0,7159009.080828169,0.0,6910871.198077286,0.0,6958358.8991007,0.0,9684716.391274684,0.0 
 01/09  05:00:00,20.0,20.0,20.0,20.0,7361827.496564113,0.0,7115003.888493409,0.0,7164338.452484138,0.0,9926965.048956313,0.0 
 01/09  06:00:00,20.000000000000005,20.0,20.0,20.0,7526019.451390264,0.0,7280471.704154203,0.0,7331432.701435914,0.0,10134281.248791099,0.0 
 01/09  07:00:00,20.0,20.0,20.000000000000005,20.0,7637830.708182834,0.0,7393713.018151615,0.0,7446513.6400050609,0.0,10296247.300985678,0.0 
 01/09  08:00:00,20.0,20.0,20.0,20.0,7643316.6376771689,0.0,7401026.071380677,0.0,7456365.385303421,0.0,10361401.268288292,0.0 
 01/09  09:00:00,20.0,20.0,20.0,20.0,7463627.25937546,0.0,7207507.834133738,0.0,7230149.285526277,0.0,10198010.923251972,0.0 
 01/09  10:00:00,20.0,20.0,20.0,20.0,7099623.714695726,0.0,6814254.123110488,0.0,6770399.318665852,0.0,9793572.55797565,0.0 
 01/09  11:00:00,20.0,20.0,20.0,20.0,6695803.813892491,0.0,6381781.457112489,0.0,6274415.696841772,0.0,9333827.094239083,0.0 
 01/09  12:00:00,20.0,20.0,20.0,20.0,6325202.81325275,0.0,5991222.306740624,0.0,5840735.258095948,0.0,8921866.741642902,0.0 
 01/09  13:00:00,20.0,20.0,20.0,20.0,5963891.29375614,0.0,5620874.148899064,0.0,5450524.415727986,0.0,8549741.06715193,0.0 
 01/09  14:00:00,20.0,19.999999999999998,20.0,20.0,5671413.734398513,0.0,5331214.24572569,0.0,5164297.538893389,0.0,8279430.410762662,0.0 
 01/09  15:00:00,19.999999999999998,20.0,20.0,20.0,5492620.546678794,0.0,5168995.124707135,0.0,5035111.343451762,0.0,8164759.784972629,0.0 
 01/09  16:00:00,20.0,20.0,20.0,20.0,5375573.714010617,0.0,5079615.834260178,0.0,5004837.938285895,0.0,8155489.411995803,0.0 
 01/09  17:00:00,20.0,20.0,20.0,20.0,5468274.379696469,0.0,5203980.879165318,0.0,5199306.359832389,0.0,8373288.837962837,0.0 
 01/09  18:00:00,20.0,20.0,20.0,20.0,5707096.468988398,0.0,5454969.259274488,0.0,5477943.000330072,0.0,8672369.128912108,0.0 
 01/09  19:00:00,20.0,20.0,20.0,20.0,6077388.714373164,0.0,5829399.757076051,0.0,5862159.516123655,0.0,9059325.529686964,0.0 
 01/09  20:00:00,20.0,20.0,20.0,20.0,6388619.6174803,0.0,6143297.271474,0.0,6182473.8317855,0.0,9377654.005349532,0.0 
 01/09  21:00:00,19.999999999999998,20.0,20.0,20.0,6584715.813022222,0.0,6341537.1578843039,0.0,6385718.713196064,0.0,9583112.487702528,0.0 
 01/09  22:00:00,20.0,20.0,20.0,20.0,6751100.122726248,0.0,6509794.951882357,0.0,6558162.115517693,0.0,9759912.522807934,0.0 
 01/09  23:00:00,20.0,20.0,20.0,20.000000000000005,6884915.500844203,0.0,6645366.231010167,0.0,6697436.8030799259,0.0,9908208.301101802,0.0 
 01/09  24:00:00,20.0,20.0,20.0,20.0,7012882.633816266,0.0,6774909.146685902,0.0,6830111.815060014,0.0,10052871.627744005,0.0 
 01/10  01:00:00,20.0,20.0,20.0,20.0,7110961.202547474,0.0,6874483.9773836969,0.0,6932476.47459117,0.0,10171424.092956305,0.0 
 01/10  02:00:00,20.0,20.0,20.0,20.0,7148145.638077043,0.0,6913325.133782467,0.0,6974308.00275541,0.0,10236050.432947709,0.0 
 01/10  03:00:00,20.0,20.0,19.999999999999998,20.0,7134057.394315397,0.0,6900983.914072894,0.0,6964990.056677989,0.0,10253579.789966077,0.0 
 01/10  04:00:00,20.0,20.0,19.999999999999998,20.0,7063418.688886799,0.0,6832081.466604885,0.0,6898974.023993675,0.0,10218379.439808479,0.0 
 01/10  05:00:00,20.0,20.0,20.0,20.0,7008235.727825656,0.0,6778682.3426551199,0.0,6848505.746922188,0.0,10199353.075315707,0.0 
 01/10  06:00:00,20.0,20.000000000000005,20.0,20.0,6992059.855552161,0.0,6764024.388969142,0.0,6836210.141279237,0.0,10215010.648917538,0.0 
 01/10  07:00:00,20.0,20.0,20.0,20.0,6990799.576609148,0.0,6764295.1815092,0.0,6838853.282813659,0.0,10243856.624265882,0.0 
 01/10  08:00:00,20.0,20.0,20.0,20.0,6971852.459121947,0.0,6746839.603535136,0.0,6823707.5093914479,0.0,10253833.807674645,0.0 
 01/10  09:00:00,20.0,20.0,20.000000000000005,20.0,6837365.35971448,0.0,6602677.2769618709,0.0,6656376.456478674,0.0,10113175.776683504,0.0 
 01/10  10:00:00,20.0,20.0,20.0,20.000000000000005,6628407.214889899,0.0,6372604.739803752,0.0,6377667.022020538,0.0,9849158.915373913,0.0 
 01/10  11:00:00,19.999999999999998,20.0,20.000000000000005,20.0,6322609.049047425,0.0,6044204.655332009,0.0,5998486.398262411,0.0,9472097.968094126,0.0 
 01/10  12:00:00,20.000000000000005,20.000000000000005,20.0,20.0,5935424.291204413,0.0,5640367.26678576,0.0,5558260.766848297,0.0,9029761.792227816,0.0 
 01/10  13:00:00,20.0,20.0,20.0,20.0,5514163.24769976,0.0,5211301.752845375,0.0,5111873.159640337,0.0,8578799.049269798,0.0 
 01/10  14:00:00,20.0,20.0,20.0,20.0,5172536.997222079,0.0,4872453.936804759,0.0,4777363.8015607199,0.0,8236604.899003858,0.0 
 01/10  15:00:00,20.0,20.0,20.0,20.0,4924962.6912387809,0.0,4638175.479010696,0.0,4570542.25035109,0.0,8023530.796755346,0.0 
 01/10  16:00:00,20.0,20.0,20.0,20.0,4741268.273106116,0.0,4476491.238001649,0.0,4457212.482276946,0.0,7907759.863375593,0.0 
 01/10  17:00:00,20.0,20.0,20.0,20.0,4709908.599948741,0.0,4467274.96513011,0.0,4498329.850890465,0.0,7946181.859950891,0.0 
 01/10  18:00:00,20.0,20.0,20.0,20.0,4767237.686584042,0.0,4533998.825979842,0.0,4587031.64792108,0.0,8031996.947261643,0.0 
 01/10  19:00:00,20.0,20.0,20.0,20.0,4941554.516596717,0.0,4711857.242365092,0.0,4773788.914959761,0.0,8200148.525212145,0.0 
 01/10  20:00:00,20.0,20.0,20.0,20.0,5100536.864104599,0.0,4872878.468023305,0.0,4940320.4962826,0.0,8340763.987113468,0.0 
 01/10  21:00:00,20.0,20.0,20.0,20.0,5154669.713572712,0.0,4928625.83285947,0.0,5000320.183396365,0.0,8381708.741392307,0.0 
 01/10  22:00:00,20.0,20.0,20.0,20.0,5178923.881232868,0.0,4954444.562731343,0.0,5030178.13941529,0.0,8393780.457093839,0.0 
 01/10  23:00:00,20.000000000000005,20.0,20.0,20.000000000000005,5396645.164208275,0.0,5173303.784447472,0.0,5252184.535653646,0.0,8590302.185070217,0.0 
 01/10  24:00:00,20.0,20.000000000000005,20.0,20.0,5854365.321238928,0.0,5631560.141787991,0.0,5712403.699509238,0.0,9013675.849238726,0.0 
 01/11  01:00:00,20.0,19.999999999999998,20.0,20.0,6473573.462624499,0.0,6250803.505116761,0.0,6332520.761668783,0.0,9592889.37892227,0.0 
 01/11  02:00:00,20.0,20.0,20.0,20.0,6959841.823826516,0.0,6737145.292073736,0.0,6819578.475206487,0.0,10051650.214637513,0.0 
 01/11  03:00:00,20.0,20.0,20.0,20.0,7247998.959701445,0.0,7025698.125466948,0.0,7109265.180789166,0.0,10328863.195242826,0.0 
 01/11  04:00:00,20.0,20.0,20.0,20.0,7433522.700841198,0.0,7211719.0708401449,0.0,7296388.214270471,0.0,10515691.183127553,0.0 
 01/11  05:00:00,20.0,20.0,20.0,20.0,7621036.896774493,0.0,7399923.183404577,0.0,7485876.771781838,0.0,10714612.229363732,0.0 
 01/11  06:00:00,20.0,20.000000000000005,20.0,20.0,7884408.88846609,0.0,7663757.628238043,0.0,7750333.698126041,0.0,10990148.63468923,0.0 
 01/11  07:00:00,20.0,19.999999999999998,20.0,20.0,8176478.588334811,0.0,7956046.97716796,0.0,8042566.055456952,0.0,11296850.205626959,0.0 
 01/11  08:00:00,20.0,20.0,20.0,20.0,8393485.405180395,0.0,8173575.933209196,0.0,8260520.804585626,0.0,11539949.632584373,0.0 
 01/11  09:00:00,20.0,20.0,20.0,20.0,8333493.639115326,0.0,8071876.422941311,0.0,8068797.857030845,0.0,11382172.008626271,0.0 
 01/11  10:00:00,20.0,20.0,20.0,20.0,8172787.555009754,0.0,7849127.731006101,0.0,7716147.954574246,0.0,11027712.688674132,0.0 
 01/11  11:00:00,20.0,20.0,20.0,20.0,7656969.127342494,0.0,7273343.7387068369,0.0,7022000.008578299,0.0,10325891.652224994,0.0 
 01/11  12:00:00,20.0,20.0,20.0,20.0,6720730.3724658819,0.0,6284491.040600537,0.0,5937844.201131054,0.0,9246778.66613615,0.0 
 01/11  13:00:00,20.0,20.0,20.0,20.0,5564062.974272057,0.0,5107944.41628671,0.0,4726916.291295775,0.0,8054511.824632544,0.0 
 01/11  14:00:00,20.0,20.0,20.0,20.0,4802927.150761512,0.0,4348611.914902331,0.0,3964205.0793923076,0.0,7301391.729628636,0.0 
 01/11  15:00:00,20.0,20.0,20.0,20.0,4763424.147010697,0.0,4347838.320567389,0.0,4030885.2242292359,0.0,7354464.305793054,0.0 
 01/11  16:00:00,20.0,20.0,20.0,20.0,5090454.926775279,0.0,4723603.044838054,0.0,4501992.384433915,0.0,7815322.600907117,0.0 
 01/11  17:00:00,20.0,20.0,20.0,20.0,5563828.109523427,0.0,5260734.140099027,0.0,5173129.719379817,0.0,8488445.580698606,0.0 
 01/11  18:00:00,20.0,20.0,20.0,20.0,5920744.3028003009,0.0,5647548.209690867,0.0,5625171.045805684,0.0,8962896.44689574,0.0 
 01/11  19:00:00,20.0,20.0,20.0,20.0,6280064.227724547,0.0,6015755.219168239,0.0,6013479.574735146,0.0,9356415.655530299,0.0 
 01/11  20:00:00,20.0,20.0,20.0,20.0,6548156.922340611,0.0,6289282.566596956,0.0,6299649.5043528,0.0,9639260.558849063,0.0 
 01/11  21:00:00,20.0,20.0,20.0,20.0,6676421.959333012,0.0,6421537.300045935,0.0,6441107.537461036,0.0,9782163.605219502,0.0 
 01/11  22:00:00,20.0,20.0,20.0,20.0,6726341.501103528,0.0,6474873.8569662789,0.0,6502069.764576595,0.0,9849514.056271824,0.0 
 01/11  23:00:00,20.0,20.0,20.0,20.0,6740183.350676383,0.0,6491672.418482501,0.0,6525199.46638919,0.0,9882869.735132225,0.0 
 01/11  24:00:00,20.0,20.0,20.0,20.0,6745991.31536054,0.0,6499841.196888864,0.0,6538212.588521071,0.0,9909675.645212247,0.0 
 01/12  01:00:00,20.0,19.999999999999998,20.0,20.0,6724106.810027413,0.0,6480602.844335229,0.0,6524148.574049892,0.0,9911995.554242414,0.0 
 01/12  02:00:00,20.0,20.0,20.0,20.0,6713669.414780639,0.0,6472488.525765827,0.0,6520405.4018938,0.0,9926819.896200158,0.0 
 01/12  03:00:00,20.0,20.0,20.0,20.0,6749554.99590144,0.0,6510324.494140311,0.0,6561766.914694666,0.0,9983138.44563909,0.0 
 01/12  04:00:00,20.0,20.0,20.0,20.0,6804427.900335798,0.0,6566988.138529833,0.0,6621586.142592908,0.0,10056092.448746268,0.0 
 01/12  05:00:00,20.0,20.0,20.0,20.0,6853937.559307957,0.0,6618241.945176883,0.0,6675872.037885659,0.0,10123293.538555008,0.0 
 01/12  06:00:00,20.0,20.0,20.0,20.000000000000005,6893568.702102016,0.0,6659534.905795973,0.0,6720023.565569446,0.0,10179896.687384159,0.0 
 01/12  07:00:00,20.0,20.0,20.0,20.0,6913676.329790704,0.0,6681192.473241345,0.0,6744339.285948336,0.0,10217662.132396497,0.0 
 01/12  08:00:00,20.0,20.0,20.0,20.0,6819337.25096008,0.0,6588801.096268174,0.0,6655260.1307623949,0.0,10146594.62731805,0.0 
 01/12  09:00:00,20.0,20.0,20.0,20.0,6393352.364285839,0.0,6128468.400910062,0.0,6119635.615317898,0.0,9639922.748993788,0.0 
 01/12  10:00:00,20.0,20.0,20.0,20.0,5778331.50710112,0.0,5452124.925188091,0.0,5313919.638421133,0.0,8830790.732397732,0.0 
 01/12  11:00:00,20.0,20.0,20.0,20.0,5359970.730205499,0.0,4981688.666004521,0.0,4738688.587575493,0.0,8207718.4340384849,0.0 
 01/12  12:00:00,20.0,20.0,20.0,20.0,5208898.797588735,0.0,4793927.885550869,0.0,4482579.962074648,0.0,7881830.2294921069,0.0 
 01/12  13:00:00,20.0,20.0,20.000000000000005,20.0,5230050.0343764559,0.0,4796854.070558159,0.0,4453275.184599194,0.0,7779102.399028081,0.0 
 01/12  14:00:00,20.0,20.000000000000005,20.0,20.0,5271027.730091499,0.0,4837347.224510146,0.0,4489138.263324609,0.0,7750756.247381521,0.0 
 01/12  15:00:00,20.0,20.0,19.999999999999998,20.0,5362334.025084565,0.0,4952057.836725264,0.0,4645826.052911865,0.0,7855411.172350589,0.0 
 01/12  16:00:00,20.0,20.0,20.0,20.0,5592675.049236836,0.0,5231451.514299989,0.0,5023616.46810101,0.0,8199282.345843761,0.0 
 01/12  17:00:00,20.0,20.0,20.0,20.0,5978480.488719498,0.0,5675081.510970892,0.0,5590644.926526168,0.0,8758899.628565843,0.0 
 01/12  18:00:00,20.0,20.0,20.0,20.0,6327700.10121932,0.0,6050658.805320356,0.0,6024577.91172941,0.0,9209779.089831865,0.0 
 01/12  19:00:00,20.0,20.0,19.999999999999998,20.0,6683387.098586198,0.0,6414164.351419056,0.0,6406047.12412813,0.0,9599022.841072882,0.0 
 01/12  20:00:00,20.0,20.0,20.0,20.000000000000005,6948421.434191233,0.0,6684216.968851745,0.0,6687729.929065604,0.0,9889190.280550592,0.0 
 01/12  21:00:00,20.0,20.0,20.0,20.0,7086226.910673936,0.0,6826005.99210464,0.0,6838482.756730067,0.0,10055192.772361802,0.0 
 01/12  22:00:00,20.0,20.0,20.0,20.0,7171367.999969767,0.0,6914471.772716577,0.0,6934082.7194543429,0.0,10171149.320027149,0.0 
 01/12  23:00:00,20.0,19.999999999999998,20.0,20.0,7246992.1890122019,0.0,6992981.794656479,0.0,7018460.8640952189,0.0,10279391.845239481,0.0 
 01/12  24:00:00,20.0,20.0,20.0,20.0,7312437.472090677,0.0,7060917.285286775,0.0,7091150.541827666,0.0,10377985.699069333,0.0 
 01/13  01:00:00,20.0,20.0,20.0,20.0,7343414.899740587,0.0,7094381.215387918,0.0,7129158.480613059,0.0,10446401.793676824,0.0 
 01/13  02:00:00,20.0,20.0,20.0,19.999999999999998,7372666.285277275,0.0,7125981.809174465,0.0,7164859.362682307,0.0,10514175.838945196,0.0 
 01/13  03:00:00,20.0,20.000000000000005,20.0,20.0,7395618.025692156,0.0,7151220.733463084,0.0,7193973.522204708,0.0,10576422.248053845,0.0 
 01/13  04:00:00,20.0,20.0,20.0,20.0,7428749.285957421,0.0,7186399.595715102,0.0,7232453.689922566,0.0,10646800.646875738,0.0 
 01/13  05:00:00,20.0,20.0,20.0,20.0,7428133.787486857,0.0,7187924.52260037,0.0,7237494.692586251,0.0,10684805.990031597,0.0 
 01/13  06:00:00,20.0,20.0,20.0,20.0,7358338.434557322,0.0,7120430.365556501,0.0,7173727.314212145,0.0,10658361.685724773,0.0 
 01/13  07:00:00,20.0,20.0,20.000000000000005,20.0,7254437.256189542,0.0,7018755.8813205719,0.0,7075624.239499969,0.0,10596738.898169486,0.0 
 01/13  08:00:00,20.0,20.0,20.0,19.999999999999998,7171603.402500981,0.0,6938032.577601569,0.0,6998250.609840737,0.0,10553050.302348257,0.0 
 01/13  09:00:00,20.0,20.0,20.000000000000005,20.0,6966865.24499831,0.0,6693827.4944434179,0.0,6668576.497315682,0.0,10247193.013653126,0.0 
 01/13  10:00:00,20.0,20.0,20.0,20.0,6655522.91034357,0.0,6308792.452811051,0.0,6131711.906748173,0.0,9691685.876638538,0.0 
 01/13  11:00:00,20.0,20.0,20.0,20.0,6227034.440635061,0.0,5808741.984508857,0.0,5493759.367292282,0.0,9002300.43039528,0.0 
 01/13  12:00:00,20.0,20.0,20.0,20.0,5756749.476080378,0.0,5291440.877628467,0.0,4895020.2998630809,0.0,8346262.833247623,0.0 
 01/13  13:00:00,20.0,20.0,20.0,20.0,5238530.079786157,0.0,4750202.404583963,0.0,4315773.92594811,0.0,7719907.722716128,0.0 
 01/13  14:00:00,20.0,20.0,20.0,20.0,4866952.207057645,0.0,4377818.709635554,0.0,3935874.3388046857,0.0,7299866.298315711,0.0 
 01/13  15:00:00,20.0,20.0,20.000000000000005,20.0,4819256.631089256,0.0,4359562.436501993,0.0,3965483.7948960915,0.0,7289933.351109801,0.0 
 01/13  16:00:00,20.0,20.0,20.0,20.0,5055262.593325978,0.0,4657488.639372929,0.0,4382030.17570622,0.0,7678844.208663096,0.0 
 01/13  17:00:00,20.0,20.0,20.0,20.0,5445066.985670695,0.0,5117805.058014183,0.0,4988644.698648019,0.0,8286678.066076215,0.0 
 01/13  18:00:00,20.0,20.0,20.0,20.0,5757565.685670579,0.0,5463027.278806572,0.0,5404612.026899662,0.0,8724470.390378895,0.0 
 01/13  19:00:00,20.0,20.0,20.0,20.0,6070615.1014727079,0.0,5786526.953848941,0.0,5751264.740495544,0.0,9076692.953123223,0.0 
 01/13  20:00:00,20.0,20.0,20.0,20.0,6450386.265394267,0.0,6172733.74898749,0.0,6152129.500048906,0.0,9468513.419911052,0.0 
 01/13  21:00:00,20.0,20.0,20.000000000000005,20.0,6915444.551052594,0.0,6642158.139130982,0.0,6631605.551509576,0.0,9932251.674361282,0.0 
 01/13  22:00:00,20.0,20.0,20.0,20.0,7468009.896880563,0.0,7197736.164837889,0.0,7194073.6713435589,0.0,10475824.687506233,0.0 
 01/13  23:00:00,20.0,20.0,20.0,20.0,7931003.4675107649,0.0,7663097.172455085,0.0,7664578.412062385,0.0,10935513.427347396,0.0 
 01/13  24:00:00,20.0,20.0,20.0,20.0,8234497.7014390169,0.0,7969018.228739691,0.0,7975393.435810798,0.0,11250871.019325924,0.0 
 01/14  01:00:00,20.0,20.0,20.0,20.0,8464452.673616406,0.0,8201287.573343765,0.0,8211996.421196236,0.0,11502379.873731584,0.0 
 01/14  02:00:00,20.0,20.0,20.0,20.0,8623161.997726422,0.0,8362307.20475927,0.0,8377076.789145035,0.0,11693416.260489628,0.0 
 01/14  03:00:00,20.0,20.0,20.0,20.0,8686706.958653845,0.0,8428514.406733547,0.0,8447821.216575118,0.0,11802732.7043251,0.0 
 01/14  04:00:00,20.0,20.0,20.0,20.0,8665055.339499535,0.0,8409698.578931816,0.0,8433688.661167155,0.0,11836770.748751553,0.0 
 01/14  05:00:00,20.0,20.0,20.0,20.0,8624497.510838194,0.0,8371942.642040659,0.0,8400414.878627144,0.0,11856003.986567274,0.0 
 01/14  06:00:00,20.0,20.0,20.0,20.0,8586990.88611712,0.0,8337196.989442534,0.0,8369892.563054236,0.0,11880226.063747444,0.0 
 01/14  07:00:00,20.0,20.0,20.0,20.0,8509398.300549632,0.0,8262515.40951668,0.0,8299708.331404956,0.0,11867512.19277961,0.0 
 01/14  08:00:00,20.0,20.0,20.0,20.0,8378188.742666971,0.0,8134248.353916529,0.0,8175977.755410681,0.0,11801899.215035502,0.0 
 01/14  09:00:00,20.0,20.0,20.0,20.0,8171015.444909,0.0,7920421.450396992,0.0,7944806.58573687,0.0,11626001.28248524,0.0 
 01/14  10:00:00,20.0,20.0,20.0,20.0,7872473.539437279,0.0,7607043.301966701,0.0,7595412.340361303,0.0,11321800.78965863,0.0 
 01/14  11:00:00,20.0,20.0,20.0,20.0,7577780.300269937,0.0,7295104.697740151,0.0,7243037.563479918,0.0,10998769.107497849,0.0 
 01/14  12:00:00,20.0,20.0,20.0,20.0,7385292.369440878,0.0,7090020.545870791,0.0,7009152.6774415359,0.0,10775977.065434495,0.0 
 01/14  13:00:00,20.0,20.0,20.0,20.0,7247760.696974933,0.0,6946821.532453036,0.0,6852539.140262946,0.0,10623147.723226296,0.0 
 01/14  14:00:00,20.0,20.0,20.0,20.0,7189570.043971298,0.0,6891494.139803445,0.0,6801697.685248323,0.0,10572743.58382826,0.0 
 01/14  15:00:00,20.0,19.999999999999998,20.0,20.0,7246074.922706138,0.0,6959767.722046495,0.0,6894268.418651513,0.0,10662555.981175581,0.0 
 01/14  16:00:00,20.0,20.0,20.0,20.0,7381036.169529568,0.0,7113087.1078310389,0.0,7088067.628385955,0.0,10856303.772578992,0.0 
 01/14  17:00:00,20.0,20.0,20.0,20.0,7533389.201450016,0.0,7284126.65200991,0.0,7301280.080262365,0.0,11076940.03336284,0.0 
 01/14  18:00:00,20.0,20.0,20.0,20.0,7655990.39863283,0.0,7415979.99309095,0.0,7454019.981266924,0.0,11243807.23210196,0.0 
 01/14  19:00:00,20.0,20.0,20.0,20.0,7777749.019519528,0.0,7541358.6630924609,0.0,7587413.796574015,0.0,11386569.510615962,0.0 
 01/14  20:00:00,20.0,20.0,20.0,20.0,7874687.589292613,0.0,7640925.449378818,0.0,7692634.391900561,0.0,11498774.173655618,0.0 
 01/14  21:00:00,20.0,20.0,20.0,20.0,7941751.844247017,0.0,7710311.139481889,0.0,7766806.989981773,0.0,11582183.02226507,0.0 
 01/14  22:00:00,20.0,20.0,20.0,20.0,8017492.400825751,0.0,7788041.730192024,0.0,7848460.610545948,0.0,11672402.874043446,0.0 
 01/14  23:00:00,20.0,20.0,20.0,20.0,8130642.2001356589,0.0,7902987.201248358,0.0,7966783.883002878,0.0,11799557.061542985,0.0 
 01/14  24:00:00,20.0,20.0,19.999999999999998,20.0,8287751.957723806,0.0,8061740.605652263,0.0,8128498.283792937,0.0,11970165.233453433,0.0 
 01/15  01:00:00,20.0,20.0,20.0,20.0,8495370.792653444,0.0,8270628.632683154,0.0,8339477.448605351,0.0,12186281.989789987,0.0 
 01/15  02:00:00,20.0,20.0,20.0,20.0,8632293.410202364,0.0,8408806.83193567,0.0,8479672.219223135,0.0,12337406.628212745,0.0 
 01/15  03:00:00,20.0,20.0,20.000000000000005,20.0,8686976.63096529,0.0,8465161.038385613,0.0,8538820.918037489,0.0,12414375.636990324,0.0 
 01/15  04:00:00,20.0,20.0,20.0,20.0,8699483.51463861,0.0,8479380.565176689,0.0,8555868.782044976,0.0,12452784.437580139,0.0 
 01/15  05:00:00,20.0,20.0,19.999999999999998,20.0,8768143.858482676,0.0,8549510.85777105,0.0,8628250.711081448,0.0,12545595.177206176,0.0 
 01/15  06:00:00,20.0,20.0,20.000000000000005,20.0,8931991.159171349,0.0,8714495.728355455,0.0,8794757.518313438,0.0,12728586.51550576,0.0 
 01/15  07:00:00,20.0,20.0,20.0,20.0,9156036.088170827,0.0,8939507.281229938,0.0,9020895.23588706,0.0,12968979.56330732,0.0 
 01/15  08:00:00,20.0,20.0,20.0,20.0,9237438.648463037,0.0,9022294.175330285,0.0,9105708.67101328,0.0,13077196.586322306,0.0 
 01/15  09:00:00,20.0,20.0,20.0,20.0,8957709.470868726,0.0,8700752.796035728,0.0,8693558.245441739,0.0,12696071.678587037,0.0 
 01/15  10:00:00,20.0,20.0,20.000000000000005,20.0,8494722.626079184,0.0,8174544.2752300039,0.0,8035255.403394354,0.0,12034703.89457731,0.0 
 01/15  11:00:00,20.0,20.0,20.0,20.0,7827969.661049802,0.0,7435307.5076422099,0.0,7154567.569317052,0.0,11130780.41099357,0.0 
 01/15  12:00:00,20.0,20.0,20.0,20.0,7047784.068943147,0.0,6607771.168947339,0.0,6242910.979542734,0.0,10188642.589590997,0.0 
 01/15  13:00:00,20.0,20.0,20.0,20.0,6171694.113648087,0.0,5709949.763632681,0.0,5308733.560436387,0.0,9234333.74758451,0.0 
 01/15  14:00:00,20.0,19.999999999999998,20.0,20.0,5558900.522643022,0.0,5096287.042597244,0.0,4687398.671109214,0.0,8587215.386517456,0.0 
 01/15  15:00:00,20.0,20.0,20.0,20.0,5407848.583417727,0.0,4977894.365551455,0.0,4624096.962572121,0.0,8485397.17198147,0.0 
 01/15  16:00:00,20.0,20.0,20.0,20.0,5577753.818937739,0.0,5207407.27064489,0.0,4969105.085096216,0.0,8803437.293559725,0.0 
 01/15  17:00:00,20.0,20.0,20.0,20.0,5965263.846567538,0.0,5660465.249588178,0.0,5559479.458217642,0.0,9381608.153097943,0.0 
 01/15  18:00:00,20.0,20.0,20.0,20.0,6407837.428014847,0.0,6136719.4315860229,0.0,6109240.038290284,0.0,9931066.605441388,0.0 
 01/15  19:00:00,20.0,20.0,20.0,20.0,6935754.7014718479,0.0,6674031.5350004979,0.0,6667994.049020071,0.0,10468300.470174868,0.0 
 01/15  20:00:00,20.0,20.0,20.0,20.0,7324511.852790396,0.0,7068547.8239104929,0.0,7076085.36649845,0.0,10851244.954903925,0.0 
 01/15  21:00:00,20.0,20.0,20.0,20.0,7505529.504142307,0.0,7253833.002917875,0.0,7271401.191550173,0.0,11029901.043024328,0.0 
 01/15  22:00:00,20.0,20.0,20.0,20.0,7588401.9670916539,0.0,7340261.754983304,0.0,7365952.803485564,0.0,11114821.490408872,0.0 
 01/15  23:00:00,20.0,20.0,20.0,20.0,7685560.618556961,0.0,7440508.442193133,0.0,7472989.971761267,0.0,11217927.366203161,0.0 
 01/15  24:00:00,20.0,20.0,20.0,20.0,7835630.551068397,0.0,7593056.750322321,0.0,7630752.669054764,0.0,11373236.041774717,0.0 
 01/16  01:00:00,20.0,20.0,20.0,20.0,8000534.5963031,0.0,7760165.544788731,0.0,7802265.692211175,0.0,11546516.803261398,0.0 
 01/16  02:00:00,20.0,20.0,20.0,20.0,8172142.771104405,0.0,7933843.268719439,0.0,7979878.428951404,0.0,11730180.259325959,0.0 
 01/16  03:00:00,20.0,20.0,20.0,20.0,8377847.543744491,0.0,8141295.997997101,0.0,8190440.565248057,0.0,11946147.765062906,0.0 
 01/16  04:00:00,20.0,20.0,20.0,20.0,8594163.233352086,0.0,8359131.856627786,0.0,8410806.876133798,0.0,12174983.375128605,0.0 
 01/16  05:00:00,20.0,20.0,19.999999999999998,20.0,8704251.447740185,0.0,8471132.777462764,0.0,8526052.867376997,0.0,12307773.676747006,0.0 
 01/16  06:00:00,20.0,20.0,20.0,20.0,8723848.754779645,0.0,8492686.416424856,0.0,8550827.833163165,0.0,12355825.431301486,0.0 
 01/16  07:00:00,20.0,20.0,20.0,20.0,8670139.731999135,0.0,8441131.094656859,0.0,8502826.937188905,0.0,12336983.880507485,0.0 
 01/16  08:00:00,20.0,20.0,20.000000000000005,20.0,8604421.46390602,0.0,8377635.61670544,0.0,8442955.003008947,0.0,12309533.758425279,0.0 
 01/16  09:00:00,20.0,20.0,20.0,20.0,8350890.363418355,0.0,8079320.876228045,0.0,8048521.378553151,0.0,11941784.72297701,0.0 
 01/16  10:00:00,20.0,20.0,20.0,20.0,7991588.945571879,0.0,7641119.37474501,0.0,7450131.532784803,0.0,11324957.58836786,0.0 
 01/16  11:00:00,20.0,20.0,20.0,20.0,7348421.65782092,0.0,6912170.028794732,0.0,6560127.520738,0.0,10391174.39170696,0.0 
 01/16  12:00:00,20.0,20.0,20.0,20.000000000000005,6487050.793987757,0.0,5997892.2309053619,0.0,5559391.491840818,0.0,9351740.779866498,0.0 
 01/16  13:00:00,20.0,19.999999999999998,20.0,20.0,5426440.402667344,0.0,4910941.146026988,0.0,4431832.48930225,0.0,8204476.199303018,0.0 
 01/16  14:00:00,20.0,20.0,20.0,20.0,4623224.997647458,0.0,4106120.4161681586,0.0,3616099.1751604059,0.0,7363747.283250395,0.0 
 01/16  15:00:00,20.0,20.0,20.0,20.0,4305083.000654348,0.0,3819329.949646085,0.0,3375400.3046715839,0.0,7087244.454230399,0.0 
 01/16  16:00:00,20.0,20.0,20.0,20.0,4388699.345095856,0.0,3976747.94057908,0.0,3669644.3796760549,0.0,7352857.015770776,0.0 
 01/16  17:00:00,20.0,20.0,20.0,20.0,4812730.710078385,0.0,4476059.677172653,0.0,4322377.03098614,0.0,7992745.888078699,0.0 
 01/16  18:00:00,20.0,20.0,20.0,20.0,5361842.064169755,0.0,5064304.360254229,0.0,4994356.080275486,0.0,8657529.365453309,0.0 
 01/16  19:00:00,20.0,20.0,20.0,20.0,6088772.749745474,0.0,5802993.13020933,0.0,5759192.672437922,0.0,9384928.767112757,0.0 
 01/16  20:00:00,20.0,20.000000000000005,20.0,20.0,6642859.108294916,0.0,6364226.897124103,0.0,6336876.047394436,0.0,9921361.46039114,0.0 
 01/16  21:00:00,20.0,20.0,20.0,20.0,6901689.594818788,0.0,6628483.10635361,0.0,6613597.781756107,0.0,10170570.625090747,0.0 
 01/16  22:00:00,20.0,20.0,20.0,20.0,7055173.571788496,0.0,6786220.524815258,0.0,6780957.351239864,0.0,10316277.839094973,0.0 
 01/16  23:00:00,20.000000000000005,20.0,20.000000000000005,20.0,7212151.605819836,0.0,6946822.83075835,0.0,6949492.47595371,0.0,10470500.447612435,0.0 
 01/16  24:00:00,20.0,20.0,20.000000000000005,20.0,7428843.222891227,0.0,7166566.960563997,0.0,7175667.532329934,0.0,10686221.444872562,0.0 
 01/17  01:00:00,20.0,20.0,20.0,20.0,7662316.476028532,0.0,7402572.8833254449,0.0,7416733.73083875,0.0,10919451.839494303,0.0 
 01/17  02:00:00,20.0,20.0,20.0,20.0,7859991.356016597,0.0,7602610.258806279,0.0,7621248.703704536,0.0,11125338.635670327,0.0 
 01/17  03:00:00,20.0,20.0,20.0,20.0,8011017.315565181,0.0,7756056.171699752,0.0,7779087.37981861,0.0,11292088.130272797,0.0 
 01/17  04:00:00,20.0,20.0,20.0,20.0,8139649.6813499829,0.0,7887046.192487636,0.0,7914172.830107437,0.0,11441591.448899266,0.0 
 01/17  05:00:00,20.0,20.0,20.0,20.0,8194329.111544265,0.0,7944125.030674104,0.0,7975283.62924576,0.0,11524103.271440573,0.0 
 01/17  06:00:00,20.000000000000005,20.0,20.0,20.0,8146867.985670276,0.0,7899240.583305797,0.0,7934676.594498185,0.0,11512738.028351212,0.0 
 01/17  07:00:00,20.0,20.0,20.0,20.0,8004315.0266786259,0.0,7759500.22866825,0.0,7799586.2385843419,0.0,11414772.55768885,0.0 
 01/17  08:00:00,20.0,20.0,20.0,20.0,7830017.628291543,0.0,7587771.251656809,0.0,7631851.866778869,0.0,11287860.069819844,0.0 
 01/17  09:00:00,20.0,20.0,20.0,20.0,7641312.2889730469,0.0,7395974.251573632,0.0,7431111.336838425,0.0,11125907.388814584,0.0 
 01/17  10:00:00,20.0,20.0,20.0,20.0,7389762.22919812,0.0,7135856.746156054,0.0,7149517.625326376,0.0,10878170.335256326,0.0 
 01/17  11:00:00,20.0,20.0,20.0,20.0,7112664.714684103,0.0,6849541.504952751,0.0,6840528.702247088,0.0,10593504.48178324,0.0 
 01/17  12:00:00,20.0,20.0,20.0,20.0,6857632.945888106,0.0,6587522.610682797,0.0,6561592.872843448,0.0,10328213.26818,0.0 
 01/17  13:00:00,20.0,20.0,20.0,20.000000000000005,6615892.38633647,0.0,6343450.428130145,0.0,6311083.462194964,0.0,10087002.93995121,0.0 
 01/17  14:00:00,20.0,20.0,20.0,20.0,6448857.94890108,0.0,6179341.545394713,0.0,6151903.609050105,0.0,9932494.200825975,0.0 
 01/17  15:00:00,20.0,20.0,20.0,19.999999999999998,6411362.7810999429,0.0,6149062.688287545,0.0,6136446.38485667,0.0,9913504.497216884,0.0 
 01/17  16:00:00,20.0,20.0,20.0,20.0,6467416.392554943,0.0,6216480.82099749,0.0,6229013.190930009,0.0,9999080.947264268,0.0 
 01/17  17:00:00,20.0,20.0,20.0,20.0,6526554.210233583,0.0,6288116.5324927759,0.0,6328718.736176414,0.0,10095451.153538589,0.0 
 01/17  18:00:00,20.0,20.0,20.0,20.0,6547973.044181228,0.0,6316398.356652876,0.0,6372396.97731671,0.0,10138430.117067682,0.0 
 01/17  19:00:00,20.0,20.0,20.0,20.0,6549348.948712837,0.0,6320447.864443742,0.0,6382322.714533168,0.0,10145056.170607105,0.0 
 01/17  20:00:00,20.0,20.0,20.0,19.999999999999998,6548455.728909369,0.0,6321832.083900645,0.0,6388623.392886428,0.0,10145531.170348792,0.0 
 01/17  21:00:00,20.0,20.0,20.0,20.0,6527959.501852956,0.0,6303436.037037313,0.0,6374664.56234157,0.0,10126340.628131086,0.0 
 01/17  22:00:00,20.0,20.0,19.999999999999998,20.0,6484905.425805615,0.0,6262273.684771571,0.0,6337375.946372471,0.0,10086051.932252799,0.0 
 01/17  23:00:00,20.0,20.0,20.0,20.000000000000005,6450583.890703101,0.0,6229452.760246833,0.0,6307549.586114902,0.0,10051730.000117569,0.0 
 01/17  24:00:00,20.0,20.0,20.0,20.0,6434088.117576938,0.0,6214400.4162002219,0.0,6295336.565322817,0.0,10031555.600784578,0.0 
 01/18  01:00:00,20.0,19.999999999999998,20.0,20.0,6407993.521120414,0.0,6189753.301618693,0.0,6273527.270749377,0.0,10002889.089092808,0.0 
 01/18  02:00:00,20.0,20.0,20.0,20.0,6387323.757161681,0.0,6170320.618020886,0.0,6256465.899679352,0.0,9979339.144687335,0.0 
 01/18  03:00:00,20.0,20.0,20.0,20.0,6386527.98858596,0.0,6170808.242153218,0.0,6259423.233769298,0.0,9973344.44755063,0.0 
 01/18  04:00:00,20.0,20.0,20.0,20.0,6387650.858972222,0.0,6173247.862242085,0.0,6264413.731390992,0.0,9971322.695384352,0.0 
 01/18  05:00:00,20.0,20.0,20.0,20.0,6471611.72428169,0.0,6258196.598708588,0.0,6351261.6799734509,0.0,10046434.293412542,0.0 
 01/18  06:00:00,20.0,20.0,20.0,20.0,6629943.4794210209,0.0,6417262.054395728,0.0,6511757.655771433,0.0,10190400.09141032,0.0 
 01/18  07:00:00,20.0,20.0,20.0,20.0,6847725.941435384,0.0,6635688.402635888,0.0,6731468.094087618,0.0,10392040.89039899,0.0 
 01/18  08:00:00,20.0,20.0,20.0,20.0,6929053.026745275,0.0,6715034.486840887,0.0,6806391.452968873,0.0,10456556.809508019,0.0 
 01/18  09:00:00,20.0,20.0,20.0,20.0,6629065.023435779,0.0,6366718.663377495,0.0,6356473.305125565,0.0,9996377.43139921,0.0 
 01/18  10:00:00,20.0,20.0,20.000000000000005,20.0,6096508.39591951,0.0,5734013.382432557,0.0,5525457.493589873,0.0,9111155.05402941,0.0 
 01/18  11:00:00,19.999999999999998,20.0,20.0,20.0,5362212.911932462,0.0,4911641.281496839,0.0,4544414.0793193,0.0,8051436.518162778,0.0 
 01/18  12:00:00,19.999999999999998,20.000000000000005,20.0,20.0,4444674.796226489,0.0,3933522.4236394616,0.0,3472847.3115331365,0.0,6913923.117817594,0.0 
 01/18  13:00:00,20.0,20.0,20.0,20.0,3351355.7045589846,0.0,2807562.431305996,0.0,2298287.5250639675,0.0,5691221.198166334,0.0 
 01/18  14:00:00,20.0,20.0,20.0,19.999999999999998,2609720.4196756666,0.0,2060222.855116399,0.0,1530542.6755474983,0.0,4868453.2410423629,0.0 
 01/18  15:00:00,20.0,20.0,20.0,20.0,2515116.8286123827,0.0,1998625.4591702063,0.0,1513228.6723078928,0.0,4780743.089667888,0.0 
 01/18  16:00:00,20.0,20.0,20.0,20.000000000000005,2915902.6660841207,0.0,2472558.725261067,0.0,2117780.793305076,0.0,5321172.984801033,0.0 
 01/18  17:00:00,20.0,20.0,20.0,20.0,3379698.2187176665,0.0,3022474.499390756,0.0,2838918.040075694,0.0,6016514.569203959,0.0 
 01/18  18:00:00,20.0,20.0,20.0,20.0,3565383.717434883,0.0,3254952.7349502837,0.0,3170097.135256463,0.0,6349158.124152047,0.0 
 01/18  19:00:00,20.0,20.0,20.0,20.0,3617235.744371207,0.0,3321011.545633333,0.0,3266750.7173384588,0.0,6436971.366997111,0.0 
 01/18  20:00:00,20.0,20.0,20.0,20.0,3662013.382673713,0.0,3374695.919267922,0.0,3340241.4505993688,0.0,6488675.763607039,0.0 
 01/18  21:00:00,20.0,20.0,20.0,20.0,3712676.330795035,0.0,3431609.396938733,0.0,3411383.908523501,0.0,6531068.534583667,0.0 
 01/18  22:00:00,20.0,20.0,20.0,20.0,3750044.7832168855,0.0,3473727.9953729205,0.0,3464331.3534446109,0.0,6555001.505008049,0.0 
 01/18  23:00:00,20.0,20.0,20.0,20.0,3908564.9409601537,0.0,3636105.4852926859,0.0,3635655.3921251737,0.0,6691766.051435822,0.0 
 01/18  24:00:00,20.0,20.0,20.0,20.0,4232447.033506434,0.0,3963079.5438487699,0.0,3970017.5171768756,0.0,6984408.1161759509,0.0 
 01/19  01:00:00,20.0,20.0,19.999999999999998,20.0,4661091.761702631,0.0,4394305.1934496019,0.0,4407530.127254027,0.0,7377447.534882836,0.0 
 01/19  02:00:00,20.0,20.0,20.0,20.0,4982910.837525444,0.0,4718165.127042937,0.0,4736285.616869818,0.0,7669796.383940482,0.0 
 01/19  03:00:00,20.0,19.999999999999998,20.0,20.0,5117401.020741716,0.0,4854676.625580216,0.0,4877266.368945183,0.0,7788759.106574153,0.0 
 01/19  04:00:00,20.0,20.0,20.0,20.0,5150328.07587794,0.0,4889612.601085314,0.0,4916336.217469744,0.0,7818428.351413316,0.0 
 01/19  05:00:00,20.0,20.0,20.0,20.0,5212854.118913621,0.0,4954261.501728345,0.0,4985247.344180027,0.0,7880912.928351708,0.0 
 01/19  06:00:00,20.0,20.0,20.0,20.0,5329890.641103935,0.0,5073116.883266209,0.0,5107614.730021466,0.0,7998824.719247026,0.0 
 01/19  07:00:00,20.0,20.0,20.0,20.0,5455325.541335727,0.0,5200238.395950623,0.0,5237866.910308887,0.0,8127612.2835473329,0.0 
 01/19  08:00:00,20.0,20.0,20.0,20.0,5561260.957590268,0.0,5305023.905660452,0.0,5339579.82202341,0.0,8232197.733797987,0.0 
 01/19  09:00:00,20.0,20.0,20.0,20.0,5414373.10275181,0.0,5097831.8244381039,0.0,5006009.623626803,0.0,7889633.367281138,0.0 
 01/19  10:00:00,20.0,20.0,20.0,20.0,5181666.602996302,0.0,4771587.519615506,0.0,4496069.589106448,0.0,7316632.114577638,0.0 
 01/19  11:00:00,20.0,20.0,20.0,20.0,4590017.248992738,0.0,4076822.9349880956,0.0,3616088.734864343,0.0,6362176.481062863,0.0 
 01/19  12:00:00,20.0,20.0,20.0,20.0,3696862.368200449,0.0,3118116.4904603457,0.0,2558793.287721678,0.0,5243625.779068895,0.0 
 01/19  13:00:00,20.0,20.0,20.0,20.0,2569281.064664856,0.0,1956380.4440586828,0.0,1348824.2458635416,0.0,3994833.3405006898,0.0 
 01/19  14:00:00,20.0,20.0,20.0,20.0,1664881.4420644586,0.0,1047315.1201348286,0.0,421693.1575957773,0.0,3029534.288709758,0.0 
 01/19  15:00:00,20.0,20.0,20.0,20.0,1294159.2478301,0.0,714958.4546843079,0.0,138051.1773937469,0.0,2702673.751844819,0.0 
 01/19  16:00:00,20.0,20.0,20.0,20.000000000000005,1305880.0636016548,0.0,806196.224288494,0.0,368339.8721198799,0.0,2911547.7806339126,0.0 
 01/19  17:00:00,20.0,20.0,20.0,20.0,1533769.6282580714,0.0,1121709.4020648073,0.0,852362.0765558503,0.0,3403771.2950660728,0.0 
 01/19  18:00:00,20.0,20.0,20.0,20.0,1769459.0620944449,0.0,1412035.2375029703,0.0,1254828.7056326997,0.0,3825827.2693841967,0.0 
 01/19  19:00:00,20.0,20.0,20.0,20.0,1996795.4956334392,0.0,1656139.5233578224,0.0,1534523.448232433,0.0,4101322.0958785784,0.0 
 01/19  20:00:00,20.0,20.0,20.0,20.000000000000005,2164342.488865918,0.0,1833873.747600031,0.0,1734618.490639355,0.0,4281233.590718351,0.0 
 01/19  21:00:00,20.0,20.0,20.0,20.000000000000005,2250620.4874161209,0.0,1927632.5242654305,0.0,1844996.6636959566,0.0,4365676.252816787,0.0 
 01/19  22:00:00,20.0,20.0,20.0,20.0,2334209.2097803486,0.0,2016948.6969468068,0.0,1947198.3571069476,0.0,4436032.821693194,0.0 
 01/19  23:00:00,20.0,20.0,20.000000000000005,20.0,2570681.187636104,0.0,2258330.755945196,0.0,2199904.239508741,0.0,4650410.905864071,0.0 
 01/19  24:00:00,20.0,20.0,20.0,20.0,3048796.0939167377,0.0,2740526.507309316,0.0,2692111.3354470755,0.0,5092216.994591639,0.0 
 01/20  01:00:00,20.0,20.0,20.0,20.0,3680025.3004779706,0.0,3375015.327069673,0.0,3334884.7337532306,0.0,5682410.094998562,0.0 
 01/20  02:00:00,20.0,20.0,20.0,20.0,4139309.2790333048,0.0,3837019.8489003919,0.0,3803516.6029567469,0.0,6111613.79353424,0.0 
 01/20  03:00:00,20.0,20.0,20.0,20.0,4341157.77581589,0.0,4041390.669745326,0.0,4013488.0574801589,0.0,6301151.892303946,0.0 
 01/20  04:00:00,20.0,19.999999999999998,20.0,19.999999999999998,4383866.204148985,0.0,4086735.976192825,0.0,4064179.7681254737,0.0,6347275.720806406,0.0 
 01/20  05:00:00,20.0,20.0,20.0,20.0,4519425.0182704,0.0,4224903.649165223,0.0,4207422.067423484,0.0,6492558.8298262259,0.0 
 01/20  06:00:00,20.0,20.0,20.0,20.0,4836121.34108198,0.0,4543885.972530914,0.0,4530840.537798087,0.0,6814528.583817525,0.0 
 01/20  07:00:00,20.0,20.0,20.000000000000005,20.0,5245761.696776467,0.0,4955479.570612903,0.0,4946109.434690369,0.0,7230688.888630957,0.0 
 01/20  08:00:00,20.000000000000005,20.0,20.000000000000005,20.0,5464167.468851903,0.0,5172940.456215669,0.0,5160663.549215773,0.0,7462093.879187826,0.0 
 01/20  09:00:00,20.0,20.0,20.0,20.0,5205019.071463213,0.0,4851023.614648232,0.0,4706598.709837816,0.0,7024547.875789074,0.0 
 01/20  10:00:00,20.0,20.0,20.0,20.0,4712271.260655935,0.0,4262829.279923674,0.0,3930584.7803581685,0.0,6218007.07662756,0.0 
 01/20  11:00:00,20.0,20.0,20.0,20.0,3958657.5021442158,0.0,3402955.034504733,0.0,2880679.23932261,0.0,5118735.0294655109,0.0 
 01/20  12:00:00,20.0,20.000000000000005,20.0,20.0,3110131.7588026535,0.0,2486879.7714892618,0.0,1866007.3320650499,0.0,4051794.244417945,0.0 
 01/20  13:00:00,20.0,20.0,19.999999999999998,20.0,2128869.7552469444,0.0,1470761.6503263287,0.0,794341.7957275771,0.0,2951106.901848769,0.0 
 01/20  14:00:00,20.0,20.0,20.0003931509216,20.0,1454419.9223067554,0.0,794211.2742044963,0.0,91705.21703550039,0.0,2221165.734221652,0.0 
 01/20  15:00:00,20.0,20.000000000000005,20.000480853660098,20.0,1399780.2538476799,0.0,781766.2759434825,0.0,122647.51274847222,0.0,2220876.113035879,0.0 
 01/20  16:00:00,20.0,20.0,20.0,20.0,1844929.7670563842,0.0,1307645.4877984054,0.0,803873.2270706314,0.0,2869263.8486752768,0.0 
 01/20  17:00:00,20.0,20.0,20.0,20.0,2563093.9008763905,0.0,2115628.209790966,0.0,1801341.8991150624,0.0,3860495.430218214,0.0 
 01/20  18:00:00,20.0,20.0,20.0,20.0,3302575.0130639539,0.0,2912240.6551779077,0.0,2716790.6528358685,0.0,4799840.621103519,0.0 
 01/20  19:00:00,20.0,20.0,20.0,20.0,4053905.6657259927,0.0,3680545.797440068,0.0,3519197.422909827,0.0,5610164.68284539,0.0 
 01/20  20:00:00,20.0,20.0,20.0,20.0,4611850.988995465,0.0,4249112.817149186,0.0,4110218.546406585,0.0,6204962.331749318,0.0 
 01/20  21:00:00,20.0,20.0,20.0,20.0,4929028.951316674,0.0,4574355.880366441,0.0,4452435.067459206,0.0,6558633.165809285,0.0 
 01/20  22:00:00,20.0,20.0,20.0,20.0,5138268.446569405,0.0,4789980.206177715,0.0,4681161.96071134,0.0,6804590.96736387,0.0 
 01/20  23:00:00,20.0,20.0,20.0,19.999999999999998,5333080.07676786,0.0,4990366.02891759,0.0,4892550.792455183,0.0,7040878.420354209,0.0 
 01/20  24:00:00,20.0,20.0,20.0,20.0,5589263.492795865,0.0,5251239.816394969,0.0,5162343.173205982,0.0,7335518.262465535,0.0 
 01/21  01:00:00,20.0,20.0,20.0,20.0,5837277.726876022,0.0,5503360.045968451,0.0,5421872.978390189,0.0,7624196.903106689,0.0 
 01/21  02:00:00,20.0,20.0,20.0,20.0,6024099.547782685,0.0,5694321.782826416,0.0,5620010.438729474,0.0,7860986.414570419,0.0 
 01/21  03:00:00,20.000000000000005,20.0,20.0,20.0,6158584.897378181,0.0,5832825.900634339,0.0,5765201.713128526,0.0,8050624.227932903,0.0 
 01/21  04:00:00,20.0,20.0,20.0,20.0,6262738.7298834039,0.0,5940804.607283625,0.0,5879343.435648888,0.0,8212866.143822636,0.0 
 01/21  05:00:00,20.0,20.0,19.999999999999998,20.0,6344227.291052718,0.0,6026085.446914218,0.0,5970530.0864314599,0.0,8356475.112094715,0.0 
 01/21  06:00:00,20.0,20.0,20.0,20.0,6411313.051064173,0.0,6096861.429184206,0.0,6046880.631457501,0.0,8485392.064220999,0.0 
 01/21  07:00:00,20.0,20.0,20.0,20.0,6445951.195768916,0.0,6135148.893944842,0.0,6090679.482091391,0.0,8584603.950303957,0.0 
 01/21  08:00:00,20.0,20.0,20.0,20.0,6493044.982319185,0.0,6182784.285189038,0.0,6137009.395802278,0.0,8685432.489163313,0.0 
 01/21  09:00:00,20.000000000000005,20.0,20.0,20.0,6325842.455336805,0.0,5953847.953268673,0.0,5777183.553374764,0.0,8362098.217729885,0.0 
 01/21  10:00:00,20.0,20.0,20.0,20.0,6101207.386144062,0.0,5634899.034413595,0.0,5272361.403090665,0.0,7834517.847775461,0.0 
 01/21  11:00:00,20.0,20.0,20.000000000000005,20.0,5444436.405906424,0.0,4873243.285843668,0.0,4322702.873271437,0.0,6847588.874865671,0.0 
 01/21  12:00:00,20.0,20.0,20.0,20.0,4426415.00150565,0.0,3790220.3991545757,0.0,3144524.4962159038,0.0,5643025.074731939,0.0 
 01/21  13:00:00,20.0,19.999999999999998,20.0,20.0,3113609.866232971,0.0,2443766.548129788,0.0,1752585.771143276,0.0,4247892.746606095,0.0 
 01/21  14:00:00,20.0,20.0,20.0,20.0,2139817.6472349937,0.0,1467038.953331647,0.0,752046.7781017956,0.0,3244743.660672504,0.0 
 01/21  15:00:00,20.0,20.0,20.0,20.0,1839934.5395114723,0.0,1207821.2110737295,0.0,540186.8722271596,0.0,3011244.947086841,0.0 
 01/21  16:00:00,20.0,20.0,20.0,20.0,2026387.9631745569,0.0,1477210.9254205717,0.0,957839.4396447898,0.0,3415500.973207585,0.0 
 01/21  17:00:00,20.0,20.0,20.0,20.0,2576698.4753549157,0.0,2120942.8712097655,0.0,1788628.8400279289,0.0,4252403.71709154,0.0 
 01/21  18:00:00,20.0,20.0,20.000000000000005,20.0,3261424.173944463,0.0,2863506.228757226,0.0,2648007.625428894,0.0,5136934.429194761,0.0 
 01/21  19:00:00,20.0,20.0,20.0,20.0,4059776.8337980567,0.0,3679618.841868844,0.0,3500868.198783696,0.0,5981913.712246614,0.0 
 01/21  20:00:00,20.0,20.0,20.0,20.0,4778067.772700932,0.0,4408685.810443538,0.0,4253231.704773113,0.0,6711120.155949901,0.0 
 01/21  21:00:00,20.0,20.0,20.0,20.0,5318777.446738012,0.0,4957376.4059726749,0.0,4819212.868865727,0.0,7257411.193070458,0.0 
 01/21  22:00:00,20.0,20.0,20.0,20.0,5810079.060641535,0.0,5454944.521655249,0.0,5330158.410934379,0.0,7752866.492084223,0.0 
 01/21  23:00:00,20.000000000000005,20.0,20.0,20.0,6171555.695224279,0.0,5821848.198820341,0.0,5708169.153985195,0.0,8129009.5016930359,0.0 
 01/21  24:00:00,20.0,20.0,20.0,20.0,6382834.9780412,0.0,6038150.053394003,0.0,5934199.894165648,0.0,8368905.117158027,0.0 
 01/22  01:00:00,20.0,20.0,20.0,20.0,6440968.751104057,0.0,6101321.073402042,0.0,6006665.624581293,0.0,8473559.56165189,0.0 
 01/22  02:00:00,20.0,20.0,20.0,20.0,6546813.243835467,0.0,6211972.650536924,0.0,6125742.599027801,0.0,8630189.618204957,0.0 
 01/22  03:00:00,20.0,20.0,20.0,20.000000000000005,6750025.56945754,0.0,6419316.341800015,0.0,6339968.520060452,0.0,8880510.24613094,0.0 
 01/22  04:00:00,20.0,20.0,20.0,19.999999999999998,6988592.918213323,0.0,6661763.4247335069,0.0,6588631.171852563,0.0,9167385.98115805,0.0 
 01/22  05:00:00,20.0,20.0,20.0,20.0,7183812.017914185,0.0,6860808.677365349,0.0,6793623.108788906,0.0,9415468.967400417,0.0 
 01/22  06:00:00,20.0,20.0,20.0,20.0,7304347.986149658,0.0,6985250.388226263,0.0,6924047.508433092,0.0,9594309.944948789,0.0 
 01/22  07:00:00,20.0,20.0,20.0,20.0,7365412.5208108029,0.0,7050241.35765052,0.0,6995009.610322401,0.0,9718527.785114171,0.0 
 01/22  08:00:00,20.0,20.0,19.999999999999998,20.0,7318861.119808808,0.0,7005495.358288601,0.0,6951428.86052219,0.0,9736239.242114859,0.0 
 01/22  09:00:00,20.0,20.0,20.0,20.0,7038734.562166476,0.0,6701568.184638195,0.0,6591888.698799378,0.0,9440986.128849345,0.0 
 01/22  10:00:00,20.0,20.0,20.0,20.0,6630583.255018452,0.0,6255962.036769624,0.0,6061710.177200025,0.0,8952390.30623474,0.0 
 01/22  11:00:00,20.0,20.0,20.0,20.0,6018371.904287001,0.0,5606878.3263337989,0.0,5332642.922978086,0.0,8252574.187841868,0.0 
 01/22  12:00:00,20.0,20.0,20.0,20.0,5190722.048956603,0.0,4742386.377134982,0.0,4394752.752937261,0.0,7338141.215865849,0.0 
 01/22  13:00:00,20.0,20.0,20.0,20.0,4280410.7996791549,0.0,3819931.2027330955,0.0,3447536.4340451869,0.0,6409815.281392373,0.0 
 01/22  14:00:00,20.0,20.0,20.0,19.999999999999998,3617549.6731725127,0.0,3158970.77205527,0.0,2785242.7598361379,0.0,5756601.746798982,0.0 
 01/22  15:00:00,20.0,20.0,20.0,20.0,3387620.7271862018,0.0,2960390.0746118628,0.0,2643735.4161119118,0.0,5608658.906529259,0.0 
 01/22  16:00:00,20.0,20.0,20.0,20.0,3392933.135864445,0.0,3001223.149820196,0.0,2757161.289629627,0.0,5715122.588399923,0.0 
 01/22  17:00:00,20.0,20.0,20.0,19.999999999999998,3700268.935614147,0.0,3352450.558906944,0.0,3203551.1454443887,0.0,6148966.357457549,0.0 
 01/22  18:00:00,20.0,19.999999999999998,20.0,20.0,4165870.478167652,0.0,3846222.460749936,0.0,3760270.894884376,0.0,6697329.240879786,0.0 
 01/22  19:00:00,20.0,20.0,20.0,20.0,4804585.936601349,0.0,4493120.200042685,0.0,4426333.770385237,0.0,7334677.121577267,0.0 
 01/22  20:00:00,20.0,20.0,20.0,20.0,5324387.098297927,0.0,5017994.348103967,0.0,4963384.528959189,0.0,7836941.223149018,0.0 
 01/22  21:00:00,20.0,20.0,20.0,19.999999999999998,5564829.773496162,0.0,5262687.393914701,0.0,5217830.052653063,0.0,8072936.30846316,0.0 
 01/22  22:00:00,19.999999999999998,19.999999999999998,20.0,20.0,5689938.645652271,0.0,5391691.562805751,0.0,5355305.551921693,0.0,8202277.940884078,0.0 
 01/22  23:00:00,20.0,20.0,20.0,20.0,5757015.755136405,0.0,5462364.866263888,0.0,5433407.8245236449,0.0,8280922.722050566,0.0 
 01/22  24:00:00,20.0,20.0,20.0,20.0,5770102.333713493,0.0,5478904.04575042,0.0,5456702.317747014,0.0,8313992.099081593,0.0 
 01/23  01:00:00,20.0,20.000000000000005,20.0,20.0,5695424.253430581,0.0,5407699.179476383,0.0,5391914.004045707,0.0,8270146.568262503,0.0 
 01/23  02:00:00,20.0,20.0,20.0,20.0,5785467.425780036,0.0,5500815.60063987,0.0,5490534.534593109,0.0,8383522.096908723,0.0 
 01/23  03:00:00,20.0,20.0,20.0,20.0,6105410.007630959,0.0,5823109.685099408,0.0,5816932.227407502,0.0,8713164.794008062,0.0 
 01/23  04:00:00,20.0,19.999999999999998,20.0,20.0,6554996.98873491,0.0,6274739.923440453,0.0,6272029.966545016,0.0,9167990.960853309,0.0 
 01/23  05:00:00,19.999999999999998,20.0,19.999999999999998,20.0,6935216.366109227,0.0,6656894.328006515,0.0,6657323.3668869989,0.0,9557320.1620204,0.0 
 01/23  06:00:00,20.0,20.0,20.0,20.0,7185816.90335414,0.0,6909598.685782142,0.0,6913361.078406623,0.0,9827050.35767395,0.0 
 01/23  07:00:00,20.0,20.0,20.0,20.0,7374030.49680478,0.0,7100065.518861468,0.0,7107371.336266918,0.0,10043332.920619315,0.0 
 01/23  08:00:00,20.0,20.0,20.0,20.0,7442430.301185353,0.0,7167071.329579396,0.0,7169834.253688573,0.0,10138826.921462976,0.0 
 01/23  09:00:00,20.0,20.0,20.0,20.0,7207666.286571354,0.0,6887054.0812742779,0.0,6790489.717964995,0.0,9794051.143093097,0.0 
 01/23  10:00:00,20.0,20.0,20.0,20.0,6827228.557659512,0.0,6444301.797997029,0.0,6216492.409380589,0.0,9223354.510664508,0.0 
 01/23  11:00:00,20.0,20.0,20.0,20.0,6009316.7593922619,0.0,5554163.149934649,0.0,5184408.923082591,0.0,8187328.278843965,0.0 
 01/23  12:00:00,20.0,20.0,20.0,20.0,4793408.527907821,0.0,4291531.003745562,0.0,3838107.773387515,0.0,6841717.118881679,0.0 
 01/23  13:00:00,20.0,20.0,20.000000000000005,20.0,3277319.064244293,0.0,2753784.8308380476,0.0,2262590.9038432,0.0,5283955.773864807,0.0 
 01/23  14:00:00,19.999999999999998,20.0,20.0,20.0,2222945.4868125806,0.0,1697641.8929712657,0.0,1194997.5052856445,0.0,4212262.297739001,0.0 
 01/23  15:00:00,20.0,20.0,20.0,20.0,1925877.5771216665,0.0,1430556.0265310079,0.0,976338.4683054974,0.0,3958148.02830599,0.0 
 01/23  16:00:00,20.0,20.0,20.0,19.999999999999998,2092685.05461873,0.0,1658275.5407322969,0.0,1320307.346964961,0.0,4269967.667016294,0.0 
 01/23  17:00:00,20.0,20.0,20.0,20.0,2668338.917431077,0.0,2298257.9191514628,0.0,2094485.0083998158,0.0,5012907.858003356,0.0 
 01/23  18:00:00,20.0,20.0,20.0,20.000000000000005,3553786.209964004,0.0,3228756.558207782,0.0,3124482.937922493,0.0,6009621.646295635,0.0 
 01/23  19:00:00,20.0,20.0,20.0,20.0,4726527.872784931,0.0,4412897.842614564,0.0,4336130.579220801,0.0,7158024.168485263,0.0 
 01/23  20:00:00,20.0,20.000000000000005,20.0,20.0,5594834.630865974,0.0,5287347.852262517,0.0,5226310.865982475,0.0,7987401.896299953,0.0 
 01/23  21:00:00,20.0,20.0,20.0,20.0,5964174.616033212,0.0,5661703.524941807,0.0,5613007.285567594,0.0,8340808.521049581,0.0 
 01/23  22:00:00,20.0,19.999999999999998,20.0,20.0,6083269.515529808,0.0,5785087.817321829,0.0,5746400.481000597,0.0,8461603.281044992,0.0 
 01/23  23:00:00,20.000000000000005,20.0,20.0,20.000000000000005,6181878.275990462,0.0,5887565.090352684,0.0,5857357.201409603,0.0,8574032.290904064,0.0 
 01/23  24:00:00,20.0,20.0,20.0,20.0,6359924.669982483,0.0,6068946.58646234,0.0,6045641.653588357,0.0,8770630.72356707,0.0 
 01/24  01:00:00,20.0,20.0,20.0,20.0,6522295.348363024,0.0,6234342.253702773,0.0,6216874.578709382,0.0,8958406.590975739,0.0 
 01/24  02:00:00,20.0,20.0,20.0,20.0,6645707.890934658,0.0,6360638.234698994,0.0,6348380.470406872,0.0,9114839.133293856,0.0 
 01/24  03:00:00,20.0,20.0,20.0,20.0,6744516.527984503,0.0,6462289.962032945,0.0,6454910.2345755849,0.0,9251571.421735522,0.0 
 01/24  04:00:00,20.0,20.000000000000005,20.0,20.0,6811740.1085743899,0.0,6532333.37826686,0.0,6529583.023482099,0.0,9361268.86637499,0.0 
 01/24  05:00:00,20.0,20.0,20.0,20.0,6908561.96239204,0.0,6631893.265319401,0.0,6633481.511540718,0.0,9502018.19028516,0.0 
 01/24  06:00:00,20.0,20.0,20.0,20.0,7036113.817300962,0.0,6762039.922376962,0.0,6767592.240155047,0.0,9673323.389669734,0.0 
 01/24  07:00:00,20.0,20.0,20.0,20.0,7173119.6073664729,0.0,6901673.620994428,0.0,6911213.862234766,0.0,9856054.717009498,0.0 
 01/24  08:00:00,19.999999999999998,20.0,20.0,20.0,7184782.205957921,0.0,6913814.821261211,0.0,6922583.61796021,0.0,9911605.12286227,0.0 
 01/24  09:00:00,20.0,20.0,20.0,20.0,6918455.492637806,0.0,6623655.46867569,0.0,6577388.928838674,0.0,9614819.03920595,0.0 
 01/24  10:00:00,20.0,20.0,20.0,20.0,6457012.7467998969,0.0,6124738.120424785,0.0,5994314.400208341,0.0,9064326.510903351,0.0 
 01/24  11:00:00,20.0,20.0,20.0,20.0,5861011.988146984,0.0,5492777.097336933,0.0,5284118.781181078,0.0,8367979.588378134,0.0 
 01/24  12:00:00,20.0,20.0,20.0,20.0,5108361.28343291,0.0,4701673.017778274,0.0,4416666.197994169,0.0,7509766.919279955,0.0 
 01/24  13:00:00,20.0,20.0,20.0,20.0,4288241.780581102,0.0,3867680.537206258,0.0,3554706.9369245839,0.0,6652445.084196283,0.0 
 01/24  14:00:00,20.0,20.0,20.0,20.0,3781777.4695451154,0.0,3365272.808235434,0.0,3055529.5379846047,0.0,6144548.075795885,0.0 
 01/24  15:00:00,20.0,20.000000000000005,20.0,20.0,3761535.3419868398,0.0,3371338.865136901,0.0,3110615.962296301,0.0,6174646.340889336,0.0 
 01/24  16:00:00,20.0,20.0,20.0,20.0,4006512.496206204,0.0,3649792.930536695,0.0,3459099.898970152,0.0,6497013.157636128,0.0 
 01/24  17:00:00,20.0,20.0,20.0,20.0,4162999.948325106,0.0,3847863.431555043,0.0,3748277.8432211314,0.0,6777326.442324914,0.0 
 01/24  18:00:00,20.0,20.0,20.0,20.0,4049522.1245371627,0.0,3761051.941183818,0.0,3721170.0614281075,0.0,6763669.804249199,0.0 
 01/24  19:00:00,20.0,20.0,20.0,20.0,3783195.090378035,0.0,3502302.480031969,0.0,3479496.7693545196,0.0,6532346.504355898,0.0 
 01/24  20:00:00,20.0,20.0,20.0,20.0,3628896.489775454,0.0,3353057.9749455095,0.0,3341785.4926487274,0.0,6391194.7776902629,0.0 
 01/24  21:00:00,20.0,20.0,20.0,20.0,3633645.024721111,0.0,3361610.667920337,0.0,3359091.868794908,0.0,6392006.413082936,0.0 
 01/24  22:00:00,20.0,20.0,20.0,20.000000000000005,3735697.7807155416,0.0,3466841.3386478896,0.0,3471718.3277533969,0.0,6481741.79535047,0.0 
 01/24  23:00:00,20.0,20.000000000000005,20.0,20.0,3876186.2641855508,0.0,3610019.6540254459,0.0,3621212.970854357,0.0,6603783.187994966,0.0 
 01/24  24:00:00,20.0,20.0,20.000000000000005,20.0,4030812.529032347,0.0,3766936.264085425,0.0,3783523.942950682,0.0,6736771.146629905,0.0 
 01/25  01:00:00,20.0,20.0,20.0,20.0,4216380.416527975,0.0,3954640.332624371,0.0,3976239.952349897,0.0,6900384.167915888,0.0 
 01/25  02:00:00,20.0,20.0,20.0,20.0,4300465.364678117,0.0,4040646.479254891,0.0,4066594.2221452326,0.0,6967150.089083756,0.0 
 01/25  03:00:00,20.0,20.0,20.0,20.0,4244520.618278661,0.0,3986574.6732628785,0.0,4016495.855428421,0.0,6902314.5490906969,0.0 
 01/25  04:00:00,20.0,20.0,20.0,20.0,4086651.9335422886,0.0,3830429.8342356046,0.0,3863755.757963643,0.0,6741555.011803646,0.0 
 01/25  05:00:00,20.0,20.0,20.0,20.0,3974352.000047776,0.0,3719922.529275238,0.0,3756720.7821056444,0.0,6628446.499937376,0.0 
 01/25  06:00:00,20.0,20.0,20.0,20.0,3959417.208884131,0.0,3706543.0542575635,0.0,3746381.961290321,0.0,6607588.185327088,0.0 
 01/25  07:00:00,20.0,20.0,20.0,20.0,3973620.8278407037,0.0,3722269.7274900178,0.0,3765118.2167265417,0.0,6615341.4018313609,0.0 
 01/25  08:00:00,20.0,20.0,20.0,20.0,3991198.4734620505,0.0,3737865.8686946567,0.0,3776086.4996687315,0.0,6616720.571273077,0.0 
 01/25  09:00:00,20.0,20.0,20.0,20.0,3827826.7744973658,0.0,3525935.9364026708,0.0,3458592.8553821465,0.0,6280636.486246947,0.0 
 01/25  10:00:00,20.0,20.0,20.0,20.0,3657655.4890355269,0.0,3293515.7307577829,0.0,3095605.550773509,0.0,5855697.788153046,0.0 
 01/25  11:00:00,20.0,20.0,20.0,20.0,3349451.9509217126,0.0,2922647.171950997,0.0,2601121.2162454759,0.0,5279071.136658113,0.0 
 01/25  12:00:00,20.0,20.0,20.0,20.000000000000005,2874305.5670022817,0.0,2391048.619192671,0.0,1967801.6413718854,0.0,4560257.748823153,0.0 
 01/25  13:00:00,20.0,20.0,20.000000000000005,20.0,2332212.784688505,0.0,1825503.1100760794,0.0,1363648.8436693005,0.0,3880055.714834559,0.0 
 01/25  14:00:00,20.0,20.0,20.0,20.0,1986973.3039265818,0.0,1477409.3324464805,0.0,1006661.2138805344,0.0,3451953.6701845529,0.0 
 01/25  15:00:00,20.0,20.0,20.0,20.0,2094144.336037988,0.0,1621613.2688702013,0.0,1215092.2536902712,0.0,3589399.173748055,0.0 
 01/25  16:00:00,20.0,20.0,20.0,20.0,2427112.7079707558,0.0,2003609.132697691,0.0,1690989.9284143514,0.0,4019338.014958162,0.0 
 01/25  17:00:00,20.0,20.0,20.0,20.0,2832873.031543648,0.0,2469233.3317874057,0.0,2281364.904780258,0.0,4588407.6328418939,0.0 
 01/25  18:00:00,20.0,20.0,20.0,20.0,3147710.9054042838,0.0,2829833.6293233588,0.0,2742827.5227552687,0.0,5053730.783486349,0.0 
 01/25  19:00:00,20.0,20.0,20.0,20.0,3318410.549673026,0.0,3012271.680588182,0.0,2952383.313159857,0.0,5272735.607358716,0.0 
 01/25  20:00:00,20.0,20.0,20.0,20.0,3527390.1989754436,0.0,3228208.92615013,0.0,3185034.4568523277,0.0,5501284.680123027,0.0 
 01/25  21:00:00,20.0,20.0,20.0,20.0,3751493.7204092026,0.0,3457182.169341376,0.0,3425814.958688174,0.0,5737187.887710247,0.0 
 01/25  22:00:00,20.0,20.0,20.0,20.0,4010728.27695743,0.0,3720343.423489906,0.0,3698435.2534583585,0.0,6002923.005293918,0.0 
 01/25  23:00:00,20.0,20.0,20.0,20.0,4229717.166279026,0.0,3942363.645507033,0.0,3927571.8406652717,0.0,6229536.687551709,0.0 
 01/25  24:00:00,20.0,20.0,20.0,19.999999999999998,4373113.558250358,0.0,4088527.7144661599,0.0,4079848.0113872259,0.0,6386485.8692767419,0.0 
 01/26  01:00:00,19.999999999999998,19.999999999999998,20.0,20.0,4465000.27833798,0.0,4182908.1423343045,0.0,4179409.2069896694,0.0,6496218.415498854,0.0 
 01/26  02:00:00,20.0,20.0,20.0,20.0,4616254.789493058,0.0,4336556.757926699,0.0,4337862.581867669,0.0,6666909.729531772,0.0 
 01/26  03:00:00,20.0,20.0,20.0,20.0,4895283.946820018,0.0,4617640.104862969,0.0,4623038.607102643,0.0,6959361.346169338,0.0 
 01/26  04:00:00,20.0,20.0,20.0,20.0,5233791.572024926,0.0,4957861.638568227,0.0,4966582.525133209,0.0,7310027.260694215,0.0 
 01/26  05:00:00,20.0,20.0,20.0,20.0,5402769.531658088,0.0,5128748.500710207,0.0,5140905.434199812,0.0,7504742.562260328,0.0 
 01/26  06:00:00,20.0,20.000000000000005,20.0,20.0,5377781.696226785,0.0,5105950.000315895,0.0,5121805.199560826,0.0,7518092.707283094,0.0 
 01/26  07:00:00,20.0,20.0,20.0,20.0,5228991.635581792,0.0,4959421.512959482,0.0,4978841.923147129,0.0,7416449.1092479829,0.0 
 01/26  08:00:00,20.0,20.0,20.0,20.0,5103011.300650969,0.0,4835442.2656995509,0.0,4857711.565720705,0.0,7338644.6561143179,0.0 
 01/26  09:00:00,20.0,20.0,20.0,20.0,4979068.364668333,0.0,4707712.2069737859,0.0,4719512.520749872,0.0,7242163.517592672,0.0 
 01/26  10:00:00,20.0,20.0,20.0,20.0,4841573.816569505,0.0,4562724.572144402,0.0,4555524.195841679,0.0,7113282.014742376,0.0 
 01/26  11:00:00,20.0,19.999999999999998,20.0,20.0,4695838.811008709,0.0,4408620.6662394,0.0,4380737.714766033,0.0,6961825.612578072,0.0 
 01/26  12:00:00,20.0,20.0,20.0,20.0,4483176.147065926,0.0,4189707.446249051,0.0,4146306.506827226,0.0,6748739.765635605,0.0 
 01/26  13:00:00,20.0,20.0,20.0,20.0,4246873.83332081,0.0,3950798.6471320276,0.0,3900302.7294285756,0.0,6520620.739670537,0.0 
 01/26  14:00:00,20.0,20.0,20.0,20.0,4033894.7853038276,0.0,3739880.8415016254,0.0,3692201.8463406318,0.0,6327659.171626343,0.0 
 01/26  15:00:00,20.0,20.0,20.0,20.0,3828328.663510658,0.0,3540762.922302317,0.0,3505792.4938981949,0.0,6157317.242084613,0.0 
 01/26  16:00:00,20.0,20.0,20.0,20.0,3624744.580143888,0.0,3346932.7167928398,0.0,3332916.5865358507,0.0,6001864.655097871,0.0 
 01/26  17:00:00,20.0,20.0,20.0,20.0,3583689.0138186167,0.0,3316583.8893329726,0.0,3326290.922725966,0.0,6007243.571094714,0.0 
 01/26  18:00:00,20.0,20.0,20.0,20.0,3717054.458529304,0.0,3457657.1708804455,0.0,3484736.0145582307,0.0,6168456.596669916,0.0 
 01/26  19:00:00,20.0,20.0,20.0,20.0,4001571.973059149,0.0,3744954.9364935818,0.0,3778598.1023237488,0.0,6450434.0983957699,0.0 
 01/26  20:00:00,20.0,20.0,20.0,20.000000000000005,4215891.549947468,0.0,3961030.9018531509,0.0,3998885.466401228,0.0,6657943.258076296,0.0 
 01/26  21:00:00,20.0,20.0,20.0,20.0,4290389.793241822,0.0,4037338.984619071,0.0,4079236.0422810895,0.0,6731928.606671857,0.0 
 01/26  22:00:00,20.0,20.0,20.0,20.0,4334215.078670647,0.0,4082659.551460662,0.0,4127806.88819717,0.0,6774929.583385677,0.0 
 01/26  23:00:00,20.0,20.0,20.0,20.0,4378989.27068826,0.0,4128881.617498712,0.0,4177068.2161477075,0.0,6820783.595772016,0.0 
 01/26  24:00:00,20.0,20.0,20.0,20.0,4457668.473246936,0.0,4208887.557747453,0.0,4259834.706851995,0.0,6900155.944868797,0.0 
 01/27  01:00:00,20.0,20.0,20.0,20.0,4518650.066146061,0.0,4271210.758448959,0.0,4324825.005067662,0.0,6965973.588216911,0.0 
 01/27  02:00:00,20.0,20.0,20.0,20.0,4571994.079949329,0.0,4325818.443128945,0.0,4381850.652518927,0.0,7025778.760445753,0.0 
 01/27  03:00:00,20.0,20.0,20.0,20.000000000000005,4635380.443840925,0.0,4390289.936296921,0.0,4448379.23887727,0.0,7093365.120622661,0.0 
 01/27  04:00:00,20.0,20.0,20.0,20.0,4664826.18592703,0.0,4420979.370997414,0.0,4481339.084348771,0.0,7132851.598565976,0.0 
 01/27  05:00:00,20.0,20.0,20.0,20.0,4700638.743582131,0.0,4457906.505006438,0.0,4520218.280575554,0.0,7178369.420363383,0.0 
 01/27  06:00:00,20.0,20.0,20.0,20.0,4737308.259171477,0.0,4495705.575897251,0.0,4559990.760639922,0.0,7225684.04296039,0.0 
 01/27  07:00:00,20.0,20.0,20.0,20.0,4759246.981893363,0.0,4518791.679022286,0.0,4585007.638740668,0.0,7261817.446893405,0.0 
 01/27  08:00:00,20.0,20.0,20.0,20.0,4767894.407399656,0.0,4524918.488137562,0.0,4585076.276553378,0.0,7274298.46964406,0.0 
 01/27  09:00:00,20.000000000000005,20.0,20.0,20.0,4607094.337397201,0.0,4323851.065857527,0.0,4294883.707373272,0.0,6987770.06889346,0.0 
 01/27  10:00:00,20.0,20.0,20.0,20.0,4364231.029653365,0.0,4018404.9817910317,0.0,3856527.628608105,0.0,6519298.700487409,0.0 
 01/27  11:00:00,20.0,20.0,20.0,20.0,3990202.6638904416,0.0,3587228.697866724,0.0,3309698.433413573,0.0,5917636.858489153,0.0 
 01/27  12:00:00,20.0,20.0,20.0,20.0,3482412.0776743267,0.0,3040021.8610096999,0.0,2688439.4799241235,0.0,5241068.475247842,0.0 
 01/27  13:00:00,20.0,20.0,19.999999999999998,20.0,2893969.904039755,0.0,2432182.1575581647,0.0,2045784.026910104,0.0,4552647.575415934,0.0 
 01/27  14:00:00,20.0,20.0,20.0,20.0,2407952.78603413,0.0,1943733.1951461165,0.0,1548142.0370823108,0.0,4014626.0713961177,0.0 
 01/27  15:00:00,20.0,20.0,20.0,19.999999999999998,2152483.9562541588,0.0,1709346.5187880372,0.0,1349855.2395332824,0.0,3776245.2061746248,0.0 
 01/27  16:00:00,20.0,20.0,20.0,20.0,2065630.8641660319,0.0,1669067.8777666055,0.0,1401093.4771301547,0.0,3802358.367643022,0.0 
 01/27  17:00:00,20.0,20.0,20.0,20.0,2344923.7251692728,0.0,2002694.096327922,0.0,1850034.9662714287,0.0,4239689.91665565,0.0 
 01/27  18:00:00,20.0,20.0,20.0,20.0,2965057.368251254,0.0,2665383.9830140408,0.0,2608574.8226304205,0.0,4984443.289060988,0.0 
 01/27  19:00:00,20.0,20.0,20.0,20.0,3736650.30222699,0.0,3447207.8337255355,0.0,3415830.6360921517,0.0,5768536.8368343799,0.0 
 01/27  20:00:00,20.0,20.0,20.000000000000005,19.999999999999998,4372635.153325133,0.0,4088545.5223602068,0.0,4071541.264900746,0.0,6393408.344386473,0.0 
 01/27  21:00:00,20.0,20.0,20.0,20.0,4717808.635409153,0.0,4437539.943951436,0.0,4430692.633473724,0.0,6736053.078477157,0.0 
 01/27  22:00:00,20.0,20.0,20.0,20.0,4951618.5449047689,0.0,4674344.758680203,0.0,4675163.945828486,0.0,6975184.888733423,0.0 
 01/27  23:00:00,20.0,20.0,20.0,20.0,5109081.731174776,0.0,4834302.819462197,0.0,4841158.955692502,0.0,7144498.986139417,0.0 
 01/27  24:00:00,20.0,20.0,20.0,20.0,5146062.769184031,0.0,4873745.19840548,0.0,4885957.620556008,0.0,7207598.219135387,0.0 
 01/28  01:00:00,20.0,20.0,20.0,20.0,5091930.403050801,0.0,4822031.492664552,0.0,4839014.9372503929,0.0,7189704.976142916,0.0 
 01/28  02:00:00,20.0,20.0,20.0,20.0,5091463.86251915,0.0,4823726.862746273,0.0,4844677.155946646,0.0,7226083.036977556,0.0 
 01/28  03:00:00,20.0,20.0,20.0,20.0,5187164.943260759,0.0,4921411.994179173,0.0,4945862.172482646,0.0,7355968.635881085,0.0 
 01/28  04:00:00,20.0,20.0,19.999999999999998,20.0,5353238.728291172,0.0,5089198.31253604,0.0,5116552.566118859,0.0,7551006.096429414,0.0 
 01/28  05:00:00,20.0,20.0,20.000000000000005,20.0,5525424.320443917,0.0,5262990.190823976,0.0,5292974.475882377,0.0,7752118.788645634,0.0 
 01/28  06:00:00,20.0,20.0,20.0,20.0,5706064.686116772,0.0,5445198.648510905,0.0,5477668.712219525,0.0,7960891.496409077,0.0 
 01/28  07:00:00,20.0,20.0,20.0,20.0,5905609.875697965,0.0,5646227.546745442,0.0,5681000.826802198,0.0,8189522.2268581599,0.0 
 01/28  08:00:00,20.0,20.0,20.0,20.0,5953748.323300847,0.0,5691228.948135238,0.0,5717906.054637299,0.0,8260974.700187459,0.0 
 01/28  09:00:00,20.0,20.0,20.0,20.0,5663537.488197388,0.0,5355363.129766505,0.0,5281434.38551862,0.0,7859924.836909429,0.0 
 01/28  10:00:00,20.0,20.0,20.0,20.0,5213367.415941643,0.0,4841277.772574207,0.0,4631836.7175968489,0.0,7211700.839795099,0.0 
 01/28  11:00:00,20.000000000000005,20.000000000000005,20.0,19.999999999999998,4593846.216886142,0.0,4163070.311059824,0.0,3835866.5350437855,0.0,6397965.521600231,0.0 
 01/28  12:00:00,20.0,19.999999999999998,20.0,20.0,3792744.0986854138,0.0,3308381.3926539809,0.0,2882969.6918202245,0.0,5424994.125626452,0.0 
 01/28  13:00:00,20.0,20.0,20.0,20.0,2893271.95758624,0.0,2383217.2911096324,0.0,1913182.1429261913,0.0,4432822.446205507,0.0 
 01/28  14:00:00,20.0,20.0,20.0,20.0,2357962.6852868155,0.0,1850902.1419787417,0.0,1380875.3945765394,0.0,3868234.912710586,0.0 
 01/28  15:00:00,20.0,20.0,20.0,20.0,2368972.6082369249,0.0,1893946.5299969279,0.0,1478711.657811036,0.0,3928011.507904237,0.0 
 01/28  16:00:00,20.0,20.0,20.0,20.0,2763508.468089385,0.0,2335908.622722255,0.0,2011672.886177503,0.0,4424617.344878966,0.0 
 01/28  17:00:00,20.0,20.0,20.0,20.0,3251013.3121909538,0.0,2882645.031051402,0.0,2682128.442677983,0.0,5076752.892504993,0.0 
 01/28  18:00:00,19.999999999999998,20.0,20.0,20.0,3609458.2693324305,0.0,3289670.419831831,0.0,3196218.701118635,0.0,5600350.649319625,0.0 
 01/28  19:00:00,20.0,20.0,20.0,20.0,3855956.636633698,0.0,3548254.2792294367,0.0,3482735.5631324986,0.0,5897537.9396713939,0.0 
 01/28  20:00:00,20.0,20.0,20.0,20.0,4074256.2176949728,0.0,3773502.8148538277,0.0,3724623.8350625459,0.0,6138089.547952206,0.0 
 01/28  21:00:00,20.0,20.0,20.0,20.0,4230235.816128355,0.0,3934558.5293613679,0.0,3897804.190195801,0.0,6310934.914874328,0.0 
 01/28  22:00:00,20.0,20.0,20.0,20.0,4363763.645145299,0.0,4072096.5846615519,0.0,4044740.3081602577,0.0,6458328.254977462,0.0 
 01/28  23:00:00,20.0,20.0,20.0,20.0,4481036.1800943319,0.0,4192762.825425509,0.0,4173065.8800509979,0.0,6590708.060947748,0.0 
 01/28  24:00:00,20.0,20.0,20.0,20.0,4601166.743391115,0.0,4315846.585981331,0.0,4302557.411365916,0.0,6726698.594522305,0.0 
 01/29  01:00:00,20.0,20.0,20.0,20.0,4694654.5000996119,0.0,4411902.852487442,0.0,4403920.632452974,0.0,6839811.319115806,0.0 
 01/29  02:00:00,20.0,20.0,20.0,20.0,4840513.148888487,0.0,4560431.451360637,0.0,4557792.711009299,0.0,7004994.944471132,0.0 
 01/29  03:00:00,20.0,20.0,20.0,20.0,5085343.759637397,0.0,4807412.814764368,0.0,4809041.589076778,0.0,7262243.088168612,0.0 
 01/29  04:00:00,20.0,20.0,20.0,20.0,5391871.185829316,0.0,5115756.2426580269,0.0,5120916.815234511,0.0,7578903.372519703,0.0 
 01/29  05:00:00,20.0,20.0,20.0,20.0,5614316.915969298,0.0,5340065.859776065,0.0,5348665.225220881,0.0,7819915.430248376,0.0 
 01/29  06:00:00,20.0,20.0,20.0,20.0,5744299.390708436,0.0,5472162.647951754,0.0,5484503.447065032,0.0,7977807.155609392,0.0 
 01/29  07:00:00,20.0,20.0,20.000000000000005,20.0,5824722.090912122,0.0,5554647.578402938,0.0,5570467.445286356,0.0,8090601.59565644,0.0 
 01/29  08:00:00,20.0,20.0,20.0,20.0,5782767.201474156,0.0,5508166.851317764,0.0,5512792.968983296,0.0,8068914.131179117,0.0 
 01/29  09:00:00,20.0,20.0,19.999999999999998,20.000000000000005,5491626.9357877229,0.0,5171990.46191441,0.0,5077179.461555918,0.0,7662792.3192742089,0.0 
 01/29  10:00:00,20.0,20.0,20.000000000000005,20.0,5030873.685494718,0.0,4647326.8762279669,0.0,4416981.889737299,0.0,7001644.5881140739,0.0 
 01/29  11:00:00,20.0,20.000000000000005,20.0,20.0,4449651.451634929,0.0,4006504.238528429,0.0,3656867.612914482,0.0,6216923.585225583,0.0 
 01/29  12:00:00,20.0,20.0,20.0,19.999999999999998,3744432.800103286,0.0,3244457.374337876,0.0,2791393.1177287788,0.0,5318265.09624299,0.0 
 01/29  13:00:00,20.0,20.0,20.0,20.0,2998852.056099499,0.0,2475945.178658837,0.0,1984508.9606101886,0.0,4477741.343867843,0.0 
 01/29  14:00:00,20.0,19.999999999999998,20.0,20.000000000000005,2398553.81183151,0.0,1874909.7334184189,0.0,1377549.1321589302,0.0,3836547.5682978255,0.0 
 01/29  15:00:00,20.0,20.0,20.0,20.0,2121687.875787259,0.0,1633942.1770264265,0.0,1197200.8421075009,0.0,3624186.853400811,0.0 
 01/29  16:00:00,20.0,20.0,20.0,20.0,2014591.8022311959,0.0,1575154.3841645995,0.0,1229986.215333578,0.0,3643497.426881346,0.0 
 01/29  17:00:00,20.0,20.000000000000005,20.0,20.0,2316894.172420008,0.0,1938342.4377096629,0.0,1718214.116395675,0.0,4121744.0048664717,0.0 
 01/29  18:00:00,20.0,20.0,20.0,20.0,2962631.5985645034,0.0,2633721.125511026,0.0,2523198.65132502,0.0,4919862.556092387,0.0 
 01/29  19:00:00,20.0,20.0,20.0,20.0,3763912.588653517,0.0,3447364.619874342,0.0,3366433.5498844056,0.0,5741391.794078221,0.0 
 01/29  20:00:00,20.0,19.999999999999998,20.0,20.0,4352559.7188992979,0.0,4042880.780399586,0.0,3979233.9217377274,0.0,6329215.799980215,0.0 
 01/29  21:00:00,19.999999999999998,20.0,20.0,20.000000000000005,4611386.7291771699,0.0,4306913.577717249,0.0,4256072.8039711569,0.0,6594591.5990671799,0.0 
 01/29  22:00:00,20.0,20.0,20.0,20.0,4750969.402210999,0.0,4450532.096503263,0.0,4409356.7678662589,0.0,6743838.361500052,0.0 
 01/29  23:00:00,20.0,20.0,20.0,20.0,4823844.055643626,0.0,4526918.3131012,0.0,4493708.652661353,0.0,6832683.381803972,0.0 
 01/29  24:00:00,20.0,20.0,20.0,20.0,4845365.661226791,0.0,4551706.750996251,0.0,4525429.239334429,0.0,6878350.842516103,0.0 
 01/30  01:00:00,20.0,20.0,20.0,20.0,4771110.112791599,0.0,4480694.622700038,0.0,4460760.4938206369,0.0,6840147.988759715,0.0 
 01/30  02:00:00,20.0,20.000000000000005,20.0,20.0,4769018.2633899,0.0,4481615.132268434,0.0,4467327.613492704,0.0,6873750.500096578,0.0 
 01/30  03:00:00,20.0,20.0,20.0,20.0,4899369.454408635,0.0,4614506.643530481,0.0,4604913.696429199,0.0,7031215.272112025,0.0 
 01/30  04:00:00,20.0,20.0,20.0,20.0,5113559.507245408,0.0,4830977.352786202,0.0,4825547.457405004,0.0,7266806.33547413,0.0 
 01/30  05:00:00,20.0,20.0,20.0,20.0,5331762.610719669,0.0,5051308.0345408,0.0,5049665.946467595,0.0,7507741.745577913,0.0 
 01/30  06:00:00,20.0,20.0,20.0,19.999999999999998,5552658.126086416,0.0,5274394.6621197829,0.0,5276593.437112385,0.0,7752112.76914797,0.0 
 01/30  07:00:00,20.0,20.0,19.999999999999998,20.0,5812625.90215996,0.0,5536268.538427756,0.0,5541716.162692874,0.0,8033447.803388273,0.0 
 01/30  08:00:00,20.0,20.0,20.0,20.0,5776446.712402487,0.0,5495497.198062722,0.0,5489572.690703741,0.0,8015932.89390116,0.0 
 01/30  09:00:00,20.0,20.0,19.999999999999998,20.0,5232333.307276427,0.0,4905462.1798280249,0.0,4798201.226156593,0.0,7364831.9530029059,0.0 
 01/30  10:00:00,20.0,20.0,20.0,20.0,4372031.4819201449,0.0,3964075.4927628135,0.0,3688066.448969884,0.0,6262487.954257385,0.0 
 01/30  11:00:00,19.999999999999998,20.0,20.0,20.0,3611975.0977098469,0.0,3131675.016707339,0.0,2715713.6362145508,0.0,5253551.806409485,0.0 
 01/30  12:00:00,20.0,20.0,20.0,20.0,3045544.1286038437,0.0,2515279.9842279816,0.0,2014325.525229193,0.0,4497860.745328225,0.0 
 01/30  13:00:00,20.0,20.0,20.0,20.0,2512689.676520751,0.0,1946996.612846045,0.0,1391249.8004408293,0.0,3819369.7524285085,0.0 
 01/30  14:00:00,19.999999999999998,20.000000000000005,19.999999999999998,20.0,2075277.7511125839,0.0,1515182.4138119468,0.0,959690.5341191974,0.0,3338778.2241146799,0.0 
 01/30  15:00:00,20.0,20.000000000000005,20.0,20.0,1778667.3857965682,0.0,1245996.686096862,0.0,728932.753415119,0.0,3066500.636790006,0.0 
 01/30  16:00:00,20.0,20.0,20.0,20.0,1655760.176091535,0.0,1179336.5163691384,0.0,767262.1015443321,0.0,3077793.41668141,0.0 
 01/30  17:00:00,20.0,20.0,20.0,20.0,1979333.1929045483,0.0,1576896.2686477956,0.0,1317976.0998898014,0.0,3616317.7741496295,0.0 
 01/30  18:00:00,20.0,20.0,20.0,20.0,2662167.289715004,0.0,2313811.9972406944,0.0,2171007.6803104488,0.0,4467698.881017108,0.0 
 01/30  19:00:00,20.0,20.0,20.0,20.0,3492871.704873773,0.0,3158797.586973119,0.0,3049180.7102457436,0.0,5325883.305017009,0.0 
 01/30  20:00:00,20.0,20.0,19.999999999999998,20.0,4182902.7534956566,0.0,3856777.694919587,0.0,3766763.8781527115,0.0,6014024.801193297,0.0 
 01/30  21:00:00,20.0,19.999999999999998,20.0,20.0,4614238.3429311499,0.0,4293919.447246179,0.0,4218172.432133121,0.0,6445990.891640412,0.0 
 01/30  22:00:00,20.0,20.0,20.0,20.0,4963675.567996414,0.0,4647946.281426355,0.0,4583238.281487478,0.0,6799678.875685579,0.0 
 01/30  23:00:00,19.999999999999998,20.0,20.0,20.0,5186728.01141119,0.0,4874892.7175728059,0.0,4819051.058573025,0.0,7038614.902021498,0.0 
 01/30  24:00:00,20.0,20.0,20.0,20.0,5271139.089285045,0.0,4962981.754759037,0.0,4914897.499139698,0.0,7151926.240454344,0.0 
 01/31  01:00:00,20.0,20.0,20.0,20.0,5226714.261484589,0.0,4922149.808634987,0.0,4881096.876181797,0.0,7148501.131238951,0.0 
 01/31  02:00:00,20.0,20.0,20.0,20.0,5262437.306866263,0.0,4961133.779387748,0.0,4926124.885403114,0.0,7225569.5307253529,0.0 
 01/31  03:00:00,20.0,20.0,20.000000000000005,20.0,5435180.160268266,0.0,5136816.2121839509,0.0,5107079.863721152,0.0,7435991.708633643,0.0 
 01/31  04:00:00,20.0,20.0,20.0,20.0,5672903.928370248,0.0,5377343.669381581,0.0,5352489.130220711,0.0,7710397.272632921,0.0 
 01/31  05:00:00,20.0,20.0,20.0,20.0,5864522.3597279009,0.0,5571532.258463972,0.0,5550972.263050867,0.0,7941173.864503759,0.0 
 01/31  06:00:00,20.0,20.0,19.999999999999998,20.0,5971556.819243691,0.0,5681233.625888565,0.0,5664997.253477841,0.0,8092860.972276224,0.0 
 01/31  07:00:00,20.000000000000005,20.0,20.0,20.0,6013634.114675037,0.0,5726206.263897001,0.0,5714646.335232836,0.0,8185662.212285159,0.0 
 01/31  08:00:00,20.0,20.0,20.0,20.0,5948929.807607521,0.0,5656366.4060449399,0.0,5631717.981886273,0.0,8150007.085675452,0.0 
 01/31  09:00:00,20.0,20.0,20.0,20.0,5602216.964185317,0.0,5260847.9983142479,0.0,5128384.856800023,0.0,7684923.2509592459,0.0 
 01/31  10:00:00,20.0,20.0,20.0,20.0,5093615.592285466,0.0,4680422.013010995,0.0,4397895.2146511,0.0,6957540.125365472,0.0 
 01/31  11:00:00,20.0,20.0,19.999999999999998,20.0,4388754.466282276,0.0,3900104.0875579535,0.0,3470603.655982454,0.0,6002271.697994629,0.0 
 01/31  12:00:00,20.0,20.0,20.0,20.0,3541739.0394267777,0.0,3004317.523040567,0.0,2490469.108270084,0.0,4991579.464387405,0.0 
 01/31  13:00:00,20.0,20.0,20.0,20.0,2557466.9345491977,0.0,1996439.4507617953,0.0,1446172.9962054757,0.0,3924532.570066846,0.0 
 01/31  14:00:00,20.0,20.0,20.0,20.0,1798793.265723405,0.0,1235136.2104823827,0.0,670272.7872739545,0.0,3122807.548208665,0.0 
 01/31  15:00:00,20.0,20.0,20.0,20.0,1465957.9631291752,0.0,928682.7203146239,0.0,399211.5450532845,0.0,2817256.6347459375,0.0 
 01/31  16:00:00,20.0,20.0,20.0,20.0,1468569.2184467233,0.0,992479.4570880518,0.0,579802.7123147389,0.0,2966423.3644548139,0.0 
 01/31  17:00:00,20.0,20.0,20.0,20.0,1849843.527535531,0.0,1441532.4602328083,0.0,1171045.4843833708,0.0,3543990.8299409805,0.0 
 01/31  18:00:00,20.0,20.0,20.0,19.999999999999998,2599300.954343207,0.0,2245451.3441592038,0.0,2092058.7439900118,0.0,4452746.367357979,0.0 
 01/31  19:00:00,20.0,20.0,20.0,20.0,3519296.188169491,0.0,3180773.0285612505,0.0,3063150.7001821685,0.0,5393283.526262318,0.0 
 01/31  20:00:00,20.0,20.0,20.0,20.0,4242053.845081342,0.0,3911485.1419486894,0.0,3813620.393160048,0.0,6106178.481969005,0.0 
 01/31  21:00:00,19.999999999999998,20.0,20.0,20.0,4655568.675818542,0.0,4330804.8199267019,0.0,4247302.741902512,0.0,6513404.3002652269,0.0 
 01/31  22:00:00,20.0,20.000000000000005,20.000000000000005,20.0,4920003.518358696,0.0,4599908.603523921,0.0,4527573.000253043,0.0,6781386.187808709,0.0 
 01/31  23:00:00,20.0,20.0,20.000000000000005,20.0,5208894.117783952,0.0,4892895.318210731,0.0,4829968.792953519,0.0,7078296.944505645,0.0 
 01/31  24:00:00,20.0,20.0,20.0,20.0,5557800.73017877,0.0,5245175.044128796,0.0,5189682.217298833,0.0,7439541.488801896,0.0 
